STRUCTURE,STRUCTURE_ID,ACTION,FREQ,REF_AREA,INDICATOR,SEX,AGE,URBANISATION,UNIT_MEASURE,COMP_BREAKDOWN_1,COMP_BREAKDOWN_2,COMP_BREAKDOWN_3,AGG_METHOD,UNIT_TYPE,DECIMALS,DATABASE_ID,TIME_FORMAT,UNIT_MULT,OBS_STATUS,OBS_CONF,FREQ_LABEL,REF_AREA_LABEL,INDICATOR_LABEL,SEX_LABEL,AGE_LABEL,URBANISATION_LABEL,UNIT_MEASURE_LABEL,COMP_BREAKDOWN_1_LABEL,COMP_BREAKDOWN_2_LABEL,COMP_BREAKDOWN_3_LABEL,AGG_METHOD_LABEL,UNIT_TYPE_LABEL,DECIMALS_LABEL,DATABASE_ID_LABEL,TIME_FORMAT_LABEL,UNIT_MULT_LABEL,OBS_STATUS_LABEL,OBS_CONF_LABEL,1963,1964,1965,1966,1967,1968,1969,1970,1971,1972,1973,1974,1975,1976,1977,1978,1979,1980,1981,1982,1983,1984,1985,1986,1987,1988,1989,1990,1991,1992,1993,1994,1995,1996,1997,1998,1999,2000,2001,2002,2003,2004,2005,2006,2007,2008,2009,2010,2011,2012,2013,2014,2015,2016,2017,2018,2019,2020,2021,2022,2023,2024,2025
datastructure,WB.DATA360:DS_DATA360(1.3),I,A,XKX,WB_WDI_SI_POV_UMIC,_T,_T,_T,PT_POP,_Z,_Z,_Z,_Z,RATIO,2,WB_WDI,P1Y,0,A,PU,Annual,Kosovo,Poverty headcount ratio at $6.85 a day (2017 PPP) (% of population),Total,All age ranges or no breakdown by age,Total,Percentage of population,Not Applicable,Not Applicable,Not Applicable,Not Applicable,Ratio,Two,World Development Indicators (WDI),Annual,Units,Normal value,Public,,,,,,,,,,,,,,,,,,,,,,,,,,,,,,,,,,,,,,,,,81.3,,78.1,79.6,,,73.6,71.1,72.2,59.4,58.5,57.5,54.1,53.4,49.5,54.7,38.3,38.9,47.0,38.2,,,
datastructure,WB.DATA360:DS_DATA360(1.3),I,A,MOZ,WB_WDI_SI_POV_UMIC,_T,_T,_T,PT_POP,_Z,_Z,_Z,_Z,RATIO,2,WB_WDI,P1Y,0,A,PU,Annual,Mozambique,Poverty headcount ratio at $6.85 a day (2017 PPP) (% of population),Total,All age ranges or no breakdown by age,Total,Percentage of population,Not Applicable,Not Applicable,Not Applicable,Not Applicable,Ratio,Two,World Development Indicators (WDI),Annual,Units,Normal value,Public,,,,,,,,,,,,,,,,,,,,,,,,,,,,,,,,,,97.7,,,,,,97.9,,,,,,97.5,,,,,,94.6,,,,,96.5,,,96.3,,,
datastructure,WB.DATA360:DS_DATA360(1.3),I,A,EAS,WB_WDI_SI_POV_UMIC,_T,_T,_T,PT_POP,_Z,_Z,_Z,_Z,RATIO,2,WB_WDI,P1Y,0,A,PU,Annual,East Asia & Pacific,Poverty headcount ratio at $6.85 a day (2017 PPP) (% of population),Total,All age ranges or no breakdown by age,Total,Percentage of population,Not Applicable,Not Applicable,Not Applicable,Not Applicable,Ratio,Two,World Development Indicators (WDI),Annual,Units,Normal value,Public,,,,,,,,,,,,,,,,,,,87.1,86.9,86.8,86.7,86.7,86.5,86.4,86.1,85.7,85.6,85.4,85.1,84.8,84.3,83.9,83.1,82.6,82.6,82.1,81.2,80.0,78.2,76.6,74.8,72.7,70.8,68.2,66.5,64.0,60.5,57.5,54.3,50.0,46.6,43.6,40.7,38.7,35.8,33.5,34.1,29.2,29.6,27.6,26.4,
datastructure,WB.DATA360:DS_DATA360(1.3),I,A,GMB,WB_WDI_SI_POV_UMIC,_T,_T,_T,PT_POP,_Z,_Z,_Z,_Z,RATIO,2,WB_WDI,P1Y,0,A,PU,Annual,"Gambia, The",Poverty headcount ratio at $6.85 a day (2017 PPP) (% of population),Total,All age ranges or no breakdown by age,Total,Percentage of population,Not Applicable,Not Applicable,Not Applicable,Not Applicable,Ratio,Two,World Development Indicators (WDI),Annual,Units,Normal value,Public,,,,,,,,,,,,,,,,,,,,,,,,,,,,,,,,,,,,96.2,,,,,89.8,,,,,,,85.0,,,,,78.7,,,,,78.2,,,,,
datastructure,WB.DATA360:DS_DATA360(1.3),I,A,TUN,WB_WDI_SI_POV_UMIC,_T,_T,_T,PT_POP,_Z,_Z,_Z,_Z,RATIO,2,WB_WDI,P1Y,0,A,PU,Annual,Tunisia,Poverty headcount ratio at $6.85 a day (2017 PPP) (% of population),Total,All age ranges or no breakdown by age,Total,Percentage of population,Not Applicable,Not Applicable,Not Applicable,Not Applicable,Ratio,Two,World Development Indicators (WDI),Annual,Units,Normal value,Public,,,,,,,,,,,,,,,,,,,,,,,72.5,,,,,66.4,,,,,66.3,,,,,57.3,,,,,49.0,,,,,34.6,,,,,23.7,,,,,,20.7,,,,
datastructure,WB.DATA360:DS_DATA360(1.3),I,A,LKA,WB_WDI_SI_POV_UMIC,_T,_T,_T,PT_POP,_Z,_Z,_Z,_Z,RATIO,2,WB_WDI,P1Y,0,A,PU,Annual,Sri Lanka,Poverty headcount ratio at $6.85 a day (2017 PPP) (% of population),Total,All age ranges or no breakdown by age,Total,Percentage of population,Not Applicable,Not Applicable,Not Applicable,Not Applicable,Ratio,Two,World Development Indicators (WDI),Annual,Units,Normal value,Public,,,,,,,,,,,,,,,,,,,,,,,89.3,,,,,88.9,,,,,84.5,,,,,,,78.9,,,,72.2,,,70.9,,,64.9,,,,56.6,,,53.3,,,,,,
datastructure,WB.DATA360:DS_DATA360(1.3),I,A,POL,WB_WDI_SI_POV_UMIC,_T,_T,_T,PT_POP,_Z,_Z,_Z,_Z,RATIO,2,WB_WDI,P1Y,0,A,PU,Annual,Poland,Poverty headcount ratio at $6.85 a day (2017 PPP) (% of population),Total,All age ranges or no breakdown by age,Total,Percentage of population,Not Applicable,Not Applicable,Not Applicable,Not Applicable,Ratio,Two,World Development Indicators (WDI),Annual,Units,Normal value,Public,,,,,,,,,,,,,,,,,,,,,,,11.3,14.1,10.8,,3.2,,,9.8,39.0,,25.0,71.9,,17.7,14.9,19.7,20.2,21.4,18.4,18.6,14.8,11.1,7.0,5.9,5.3,5.0,4.9,5.1,4.9,4.7,3.9,2.7,2.1,1.8,1.0,1.2,1.1,1.5,1.1,,
datastructure,WB.DATA360:DS_DATA360(1.3),I,A,CMR,WB_WDI_SI_POV_UMIC,_T,_T,_T,PT_POP,_Z,_Z,_Z,_Z,RATIO,2,WB_WDI,P1Y,0,A,PU,Annual,Cameroon,Poverty headcount ratio at $6.85 a day (2017 PPP) (% of population),Total,All age ranges or no breakdown by age,Total,Percentage of population,Not Applicable,Not Applicable,Not Applicable,Not Applicable,Ratio,Two,World Development Indicators (WDI),Annual,Units,Normal value,Public,,,,,,,,,,,,,,,,,,,,,,,,,,,,,,,,,,89.8,,,,,82.3,,,,,,82.6,,,,,,,72.7,,,,,,,74.0,,,,
datastructure,WB.DATA360:DS_DATA360(1.3),I,A,GNB,WB_WDI_SI_POV_UMIC,_T,_T,_T,PT_POP,_Z,_Z,_Z,_Z,RATIO,2,WB_WDI,P1Y,0,A,PU,Annual,Guinea-Bissau,Poverty headcount ratio at $6.85 a day (2017 PPP) (% of population),Total,All age ranges or no breakdown by age,Total,Percentage of population,Not Applicable,Not Applicable,Not Applicable,Not Applicable,Ratio,Two,World Development Indicators (WDI),Annual,Units,Normal value,Public,,,,,,,,,,,,,,,,,,,,,,,,,,,,,85.8,,92.1,,,,,,,,,97.6,,,,,,,,94.9,,,,,,,,89.5,,,91.4,,,,
datastructure,WB.DATA360:DS_DATA360(1.3),I,A,BWA,WB_WDI_SI_POV_UMIC,_T,_T,_T,PT_POP,_Z,_Z,_Z,_Z,RATIO,2,WB_WDI,P1Y,0,A,PU,Annual,Botswana,Poverty headcount ratio at $6.85 a day (2017 PPP) (% of population),Total,All age ranges or no breakdown by age,Total,Percentage of population,Not Applicable,Not Applicable,Not Applicable,Not Applicable,Ratio,Two,World Development Indicators (WDI),Annual,Units,Normal value,Public,,,,,,,,,,,,,,,,,,,,,,,85.0,,,,,,,,80.1,,,,,,,,,70.6,,,,,,,62.7,,,,,,63.2,,,,,,,,,,
datastructure,WB.DATA360:DS_DATA360(1.3),I,A,ARM,WB_WDI_SI_POV_UMIC,_T,_T,_T,PT_POP,_Z,_Z,_Z,_Z,RATIO,2,WB_WDI,P1Y,0,A,PU,Annual,Armenia,Poverty headcount ratio at $6.85 a day (2017 PPP) (% of population),Total,All age ranges or no breakdown by age,Total,Percentage of population,Not Applicable,Not Applicable,Not Applicable,Not Applicable,Ratio,Two,World Development Indicators (WDI),Annual,Units,Normal value,Public,,,,,,,,,,,,,,,,,,,,,,,,,,,,,,,,,,72.2,,,84.4,,85.5,84.6,84.9,76.2,70.7,66.8,59.7,56.3,65.0,66.0,63.0,59.6,57.4,55.2,50.7,45.9,52.7,52.8,57.1,58.2,57.0,55.7,56.9,47.4,
datastructure,WB.DATA360:DS_DATA360(1.3),I,A,PAN,WB_WDI_SI_POV_UMIC,_T,_T,_T,PT_POP,_Z,_Z,_Z,_Z,RATIO,2,WB_WDI,P1Y,0,A,PU,Annual,Panama,Poverty headcount ratio at $6.85 a day (2017 PPP) (% of population),Total,All age ranges or no breakdown by age,Total,Percentage of population,Not Applicable,Not Applicable,Not Applicable,Not Applicable,Ratio,Two,World Development Indicators (WDI),Annual,Units,Normal value,Public,,,,,,,,,,,,,,,,,51.8,,,,,,,,,,59.9,,59.2,,,,48.9,,49.7,50.2,47.7,46.3,50.6,47.9,46.8,45.3,44.5,44.5,41.2,33.2,32.3,30.2,27.1,26.6,26.0,24.4,22.0,20.6,20.7,18.5,17.8,,20.3,,19.8,19.8,
datastructure,WB.DATA360:DS_DATA360(1.3),I,A,HUN,WB_WDI_SI_POV_UMIC,_T,_T,_T,PT_POP,_Z,_Z,_Z,_Z,RATIO,2,WB_WDI,P1Y,0,A,PU,Annual,Hungary,Poverty headcount ratio at $6.85 a day (2017 PPP) (% of population),Total,All age ranges or no breakdown by age,Total,Percentage of population,Not Applicable,Not Applicable,Not Applicable,Not Applicable,Ratio,Two,World Development Indicators (WDI),Annual,Units,Normal value,Public,,,,,,,,,,,,,,,,,,,,,,,,,0.0,,39.3,,9.1,,11.5,14.5,,,,23.2,15.6,21.7,14.4,13.7,13.9,9.4,10.4,7.0,6.9,6.7,7.7,9.0,8.7,11.6,10.6,8.3,6.4,4.3,4.9,,,,,,,,
datastructure,WB.DATA360:DS_DATA360(1.3),I,A,TUR,WB_WDI_SI_POV_UMIC,_T,_T,_T,PT_POP,_Z,_Z,_Z,_Z,RATIO,2,WB_WDI,P1Y,0,A,PU,Annual,Türkiye,Poverty headcount ratio at $6.85 a day (2017 PPP) (% of population),Total,All age ranges or no breakdown by age,Total,Percentage of population,Not Applicable,Not Applicable,Not Applicable,Not Applicable,Ratio,Two,World Development Indicators (WDI),Annual,Units,Normal value,Public,,,,,,,,,,,,,,,,,,,,,,,,,56.7,,,,,,,54.7,,,,,,,,50.5,54.3,41.0,38.9,35.9,31.5,26.9,28.0,26.3,23.8,22.3,20.6,20.3,21.0,18.6,16.7,15.6,15.9,15.0,12.9,10.8,4.1,,
datastructure,WB.DATA360:DS_DATA360(1.3),I,A,JPN,WB_WDI_SI_POV_UMIC,_T,_T,_T,PT_POP,_Z,_Z,_Z,_Z,RATIO,2,WB_WDI,P1Y,0,A,PU,Annual,Japan,Poverty headcount ratio at $6.85 a day (2017 PPP) (% of population),Total,All age ranges or no breakdown by age,Total,Percentage of population,Not Applicable,Not Applicable,Not Applicable,Not Applicable,Ratio,Two,World Development Indicators (WDI),Annual,Units,Normal value,Public,,,,,,,,,,,,,,,,,,,,,,,,,,,,,,,,,,,,,,,,,,,,,,3.7,3.2,2.0,2.6,2.4,3.7,1.7,1.9,2.8,1.9,3.3,3.7,3.3,,,,,
datastructure,WB.DATA360:DS_DATA360(1.3),I,A,SLB,WB_WDI_SI_POV_UMIC,_T,_T,_T,PT_POP,_Z,_Z,_Z,_Z,RATIO,2,WB_WDI,P1Y,0,A,PU,Annual,Solomon Islands,Poverty headcount ratio at $6.85 a day (2017 PPP) (% of population),Total,All age ranges or no breakdown by age,Total,Percentage of population,Not Applicable,Not Applicable,Not Applicable,Not Applicable,Ratio,Two,World Development Indicators (WDI),Annual,Units,Normal value,Public,,,,,,,,,,,,,,,,,,,,,,,,,,,,,,,,,,,,,,,,,,,92.6,,,,,,,90.7,,,,,,,,,,,,,
datastructure,WB.DATA360:DS_DATA360(1.3),I,A,UGA,WB_WDI_SI_POV_UMIC,_T,_T,_T,PT_POP,_Z,_Z,_Z,_Z,RATIO,2,WB_WDI,P1Y,0,A,PU,Annual,Uganda,Poverty headcount ratio at $6.85 a day (2017 PPP) (% of population),Total,All age ranges or no breakdown by age,Total,Percentage of population,Not Applicable,Not Applicable,Not Applicable,Not Applicable,Ratio,Two,World Development Indicators (WDI),Annual,Units,Normal value,Public,,,,,,,,,,,,,,,,,,,,,,,,,,,96.2,,,97.6,,,,97.6,,,97.2,,,96.4,,,95.8,,,,93.2,,,92.4,,,,92.9,,,93.6,,,,,,
datastructure,WB.DATA360:DS_DATA360(1.3),I,A,SRB,WB_WDI_SI_POV_UMIC,_T,_T,_T,PT_POP,_Z,_Z,_Z,_Z,RATIO,2,WB_WDI,P1Y,0,A,PU,Annual,Serbia,Poverty headcount ratio at $6.85 a day (2017 PPP) (% of population),Total,All age ranges or no breakdown by age,Total,Percentage of population,Not Applicable,Not Applicable,Not Applicable,Not Applicable,Ratio,Two,World Development Indicators (WDI),Annual,Units,Normal value,Public,,,,,,,,,,,,,,,,,,,,,,,,,,,,,,,,,,,,,,,,13.7,19.7,26.8,24.7,19.4,16.7,14.6,16.1,19.8,,29.2,33.0,32.9,31.8,29.0,26.2,20.7,15.1,12.6,9.4,10.3,9.0,,
datastructure,WB.DATA360:DS_DATA360(1.3),I,A,BEN,WB_WDI_SI_POV_UMIC,_T,_T,_T,PT_POP,_Z,_Z,_Z,_Z,RATIO,2,WB_WDI,P1Y,0,A,PU,Annual,Benin,Poverty headcount ratio at $6.85 a day (2017 PPP) (% of population),Total,All age ranges or no breakdown by age,Total,Percentage of population,Not Applicable,Not Applicable,Not Applicable,Not Applicable,Ratio,Two,World Development Indicators (WDI),Annual,Units,Normal value,Public,,,,,,,,,,,,,,,,,,,,,,,,,,,,,,,,,,,,,,,,,96.5,,,,,,,,94.1,,,,93.2,,,88.1,,,86.5,,,,
datastructure,WB.DATA360:DS_DATA360(1.3),I,A,SWE,WB_WDI_SI_POV_UMIC,_T,_T,_T,PT_POP,_Z,_Z,_Z,_Z,RATIO,2,WB_WDI,P1Y,0,A,PU,Annual,Sweden,Poverty headcount ratio at $6.85 a day (2017 PPP) (% of population),Total,All age ranges or no breakdown by age,Total,Percentage of population,Not Applicable,Not Applicable,Not Applicable,Not Applicable,Ratio,Two,World Development Indicators (WDI),Annual,Units,Normal value,Public,,,,,,,,,,,,,1.3,,,,,,1.4,,,,,,0.9,,,,,1.1,,,1.6,,,,,0.6,0.6,0.5,1.1,1.1,1.9,1.1,1.0,1.2,1.2,1.4,1.5,1.2,1.4,1.2,1.2,1.0,0.8,1.5,1.0,1.0,1.5,1.7,1.5,,
datastructure,WB.DATA360:DS_DATA360(1.3),I,A,WSM,WB_WDI_SI_POV_UMIC,_T,_T,_T,PT_POP,_Z,_Z,_Z,_Z,RATIO,2,WB_WDI,P1Y,0,A,PU,Annual,Samoa,Poverty headcount ratio at $6.85 a day (2017 PPP) (% of population),Total,All age ranges or no breakdown by age,Total,Percentage of population,Not Applicable,Not Applicable,Not Applicable,Not Applicable,Ratio,Two,World Development Indicators (WDI),Annual,Units,Normal value,Public,,,,,,,,,,,,,,,,,,,,,,,,,,,,,,,,,,,,,,,,51.8,,,,,,49.6,,,,,49.4,,,,,,,,,,,,
datastructure,WB.DATA360:DS_DATA360(1.3),I,A,LTU,WB_WDI_SI_POV_UMIC,_T,_T,_T,PT_POP,_Z,_Z,_Z,_Z,RATIO,2,WB_WDI,P1Y,0,A,PU,Annual,Lithuania,Poverty headcount ratio at $6.85 a day (2017 PPP) (% of population),Total,All age ranges or no breakdown by age,Total,Percentage of population,Not Applicable,Not Applicable,Not Applicable,Not Applicable,Ratio,Two,World Development Indicators (WDI),Annual,Units,Normal value,Public,,,,,,,,,,,,,,,,,,,,,,,,,,,,,,,80.8,,,31.2,,27.4,28.0,31.9,32.1,32.2,19.3,24.6,17.0,10.0,7.5,6.1,12.6,11.9,8.9,8.7,7.0,7.8,6.8,5.6,5.0,3.4,2.3,1.8,1.4,2.6,3.2,,
datastructure,WB.DATA360:DS_DATA360(1.3),I,A,BGD,WB_WDI_SI_POV_UMIC,_T,_T,_T,PT_POP,_Z,_Z,_Z,_Z,RATIO,2,WB_WDI,P1Y,0,A,PU,Annual,Bangladesh,Poverty headcount ratio at $6.85 a day (2017 PPP) (% of population),Total,All age ranges or no breakdown by age,Total,Percentage of population,Not Applicable,Not Applicable,Not Applicable,Not Applicable,Ratio,Two,World Development Indicators (WDI),Annual,Units,Normal value,Public,,,,,,,,,,,,,,,,,,,,,97.5,,96.2,,,96.6,,,97.2,,,,93.4,,,,,92.3,,,,,90.0,,,,,88.6,,,,,,85.7,,,,,,71.5,,,
datastructure,WB.DATA360:DS_DATA360(1.3),I,A,RWA,WB_WDI_SI_POV_UMIC,_T,_T,_T,PT_POP,_Z,_Z,_Z,_Z,RATIO,2,WB_WDI,P1Y,0,A,PU,Annual,Rwanda,Poverty headcount ratio at $6.85 a day (2017 PPP) (% of population),Total,All age ranges or no breakdown by age,Total,Percentage of population,Not Applicable,Not Applicable,Not Applicable,Not Applicable,Ratio,Two,World Development Indicators (WDI),Annual,Units,Normal value,Public,,,,,,,,,,,,,,,,,,,,,,,,,,,,,,,,,,,,,,96.3,,,,,94.4,,,,,94.1,,,93.6,,,93.2,,,,,,,89.8,,
datastructure,WB.DATA360:DS_DATA360(1.3),I,A,AUT,WB_WDI_SI_POV_UMIC,_T,_T,_T,PT_POP,_Z,_Z,_Z,_Z,RATIO,2,WB_WDI,P1Y,0,A,PU,Annual,Austria,Poverty headcount ratio at $6.85 a day (2017 PPP) (% of population),Total,All age ranges or no breakdown by age,Total,Percentage of population,Not Applicable,Not Applicable,Not Applicable,Not Applicable,Ratio,Two,World Development Indicators (WDI),Annual,Units,Normal value,Public,,,,,,,,,,,,,,,,,,,,,,,,,,,,,,,,1.0,0.9,0.5,0.7,0.9,0.5,0.6,,,0.7,0.4,0.5,0.5,0.8,1.0,1.0,0.8,1.0,1.1,0.7,0.7,1.2,1.3,0.7,1.2,0.9,1.1,1.1,1.1,1.0,,
datastructure,WB.DATA360:DS_DATA360(1.3),I,A,COD,WB_WDI_SI_POV_UMIC,_T,_T,_T,PT_POP,_Z,_Z,_Z,_Z,RATIO,2,WB_WDI,P1Y,0,A,PU,Annual,"Congo, Dem. Rep.",Poverty headcount ratio at $6.85 a day (2017 PPP) (% of population),Total,All age ranges or no breakdown by age,Total,Percentage of population,Not Applicable,Not Applicable,Not Applicable,Not Applicable,Ratio,Two,World Development Indicators (WDI),Annual,Units,Normal value,Public,,,,,,,,,,,,,,,,,,,,,,,,,,,,,,,,,,,,,,,,,,99.7,,,,,,,,97.9,,,,,,,,98.0,,,,,
datastructure,WB.DATA360:DS_DATA360(1.3),I,A,GIN,WB_WDI_SI_POV_UMIC,_T,_T,_T,PT_POP,_Z,_Z,_Z,_Z,RATIO,2,WB_WDI,P1Y,0,A,PU,Annual,Guinea,Poverty headcount ratio at $6.85 a day (2017 PPP) (% of population),Total,All age ranges or no breakdown by age,Total,Percentage of population,Not Applicable,Not Applicable,Not Applicable,Not Applicable,Ratio,Two,World Development Indicators (WDI),Annual,Units,Normal value,Public,,,,,,,,,,,,,,,,,,,,,,,,,,,,,100.0,,,82.7,,,,,,,,90.9,,,,,88.8,,,,,83.8,,,,,,76.6,,,,,,,
datastructure,WB.DATA360:DS_DATA360(1.3),I,A,MRT,WB_WDI_SI_POV_UMIC,_T,_T,_T,PT_POP,_Z,_Z,_Z,_Z,RATIO,2,WB_WDI,P1Y,0,A,PU,Annual,Mauritania,Poverty headcount ratio at $6.85 a day (2017 PPP) (% of population),Total,All age ranges or no breakdown by age,Total,Percentage of population,Not Applicable,Not Applicable,Not Applicable,Not Applicable,Ratio,Two,World Development Indicators (WDI),Annual,Units,Normal value,Public,,,,,,,,,,,,,,,,,,,,,,,,,90.9,,,,,,91.3,,85.6,,,,,82.8,,,,84.4,,,,74.1,,,,,,70.0,,,,,71.2,,,,,,
datastructure,WB.DATA360:DS_DATA360(1.3),I,A,NGA,WB_WDI_SI_POV_UMIC,_T,_T,_T,PT_POP,_Z,_Z,_Z,_Z,RATIO,2,WB_WDI,P1Y,0,A,PU,Annual,Nigeria,Poverty headcount ratio at $6.85 a day (2017 PPP) (% of population),Total,All age ranges or no breakdown by age,Total,Percentage of population,Not Applicable,Not Applicable,Not Applicable,Not Applicable,Ratio,Two,World Development Indicators (WDI),Annual,Units,Normal value,Public,,,,,,,,,,,,,,,,,,,,,,,91.9,,,,,,,90.6,,,,91.4,,,,,,,92.6,,,,,,,88.7,,88.4,,,87.2,,,88.7,,,,92.9,,,
datastructure,WB.DATA360:DS_DATA360(1.3),I,A,IRL,WB_WDI_SI_POV_UMIC,_T,_T,_T,PT_POP,_Z,_Z,_Z,_Z,RATIO,2,WB_WDI,P1Y,0,A,PU,Annual,Ireland,Poverty headcount ratio at $6.85 a day (2017 PPP) (% of population),Total,All age ranges or no breakdown by age,Total,Percentage of population,Not Applicable,Not Applicable,Not Applicable,Not Applicable,Ratio,Two,World Development Indicators (WDI),Annual,Units,Normal value,Public,,,,,,,,,,,,,,,,,,,,,,,,,14.2,,,,,,,3.8,3.9,2.5,,,,0.7,,1.5,0.7,0.7,0.3,0.7,0.6,1.0,1.8,2.0,1.9,1.6,1.9,1.3,0.9,0.9,0.6,0.1,0.2,0.2,0.3,0.3,0.3,,
datastructure,WB.DATA360:DS_DATA360(1.3),I,A,IND,WB_WDI_SI_POV_UMIC,_T,_T,_T,PT_POP,_Z,_Z,_Z,_Z,RATIO,2,WB_WDI,P1Y,0,A,PU,Annual,India,Poverty headcount ratio at $6.85 a day (2017 PPP) (% of population),Total,All age ranges or no breakdown by age,Total,Percentage of population,Not Applicable,Not Applicable,Not Applicable,Not Applicable,Ratio,Two,World Development Indicators (WDI),Annual,Units,Normal value,Public,,,,,,,,,,,,,,,97.4,,,,,,97.2,,,,97.0,,,,,,97.3,,,,,,,,,,,96.3,,,,,95.0,,92.5,,,,,,,,,,,82.1,,,
datastructure,WB.DATA360:DS_DATA360(1.3),I,A,COG,WB_WDI_SI_POV_UMIC,_T,_T,_T,PT_POP,_Z,_Z,_Z,_Z,RATIO,2,WB_WDI,P1Y,0,A,PU,Annual,"Congo, Rep.",Poverty headcount ratio at $6.85 a day (2017 PPP) (% of population),Total,All age ranges or no breakdown by age,Total,Percentage of population,Not Applicable,Not Applicable,Not Applicable,Not Applicable,Ratio,Two,World Development Indicators (WDI),Annual,Units,Normal value,Public,,,,,,,,,,,,,,,,,,,,,,,,,,,,,,,,,,,,,,,,,,,88.9,,,,,,82.4,,,,,,,,,,,,,,
datastructure,WB.DATA360:DS_DATA360(1.3),I,A,BOL,WB_WDI_SI_POV_UMIC,_T,_T,_T,PT_POP,_Z,_Z,_Z,_Z,RATIO,2,WB_WDI,P1Y,0,A,PU,Annual,Bolivia,Poverty headcount ratio at $6.85 a day (2017 PPP) (% of population),Total,All age ranges or no breakdown by age,Total,Percentage of population,Not Applicable,Not Applicable,Not Applicable,Not Applicable,Ratio,Two,World Development Indicators (WDI),Annual,Units,Normal value,Public,,,,,,,,,,,,,,,,,,,,,,,,,,,,45.7,,61.4,,,,,49.8,,52.5,58.8,54.2,56.4,,49.3,49.5,44.6,42.7,36.6,31.9,,25.3,25.9,23.6,22.6,23.0,23.7,23.1,21.3,17.8,19.5,17.1,18.5,16.5,17.4,
datastructure,WB.DATA360:DS_DATA360(1.3),I,A,PER,WB_WDI_SI_POV_UMIC,_T,_T,_T,PT_POP,_Z,_Z,_Z,_Z,RATIO,2,WB_WDI,P1Y,0,A,PU,Annual,Peru,Poverty headcount ratio at $6.85 a day (2017 PPP) (% of population),Total,All age ranges or no breakdown by age,Total,Percentage of population,Not Applicable,Not Applicable,Not Applicable,Not Applicable,Ratio,Two,World Development Indicators (WDI),Annual,Units,Normal value,Public,,,,,,,,,,,,,,,,,,,,,,,41.1,,,,,,,,,73.0,,,65.5,66.3,65.9,67.6,68.4,64.5,64.0,64.3,66.2,60.6,55.2,50.9,49.1,45.7,42.4,39.8,39.3,38.0,37.5,36.4,37.3,35.2,33.6,48.1,39.5,37.8,38.3,36.2,
datastructure,WB.DATA360:DS_DATA360(1.3),I,A,MDA,WB_WDI_SI_POV_UMIC,_T,_T,_T,PT_POP,_Z,_Z,_Z,_Z,RATIO,2,WB_WDI,P1Y,0,A,PU,Annual,Moldova,Poverty headcount ratio at $6.85 a day (2017 PPP) (% of population),Total,All age ranges or no breakdown by age,Total,Percentage of population,Not Applicable,Not Applicable,Not Applicable,Not Applicable,Ratio,Two,World Development Indicators (WDI),Annual,Units,Normal value,Public,,,,,,,,,,,,,,,,,,,,,,,,,,,,,,,,,,,76.5,84.4,88.8,91.2,86.4,77.6,70.8,71.4,76.2,43.1,33.7,35.4,34.3,31.7,28.0,27.3,22.5,21.4,19.0,19.1,18.8,15.5,16.1,16.7,15.4,19.7,20.4,,
datastructure,WB.DATA360:DS_DATA360(1.3),I,A,JAM,WB_WDI_SI_POV_UMIC,_T,_T,_T,PT_POP,_Z,_Z,_Z,_Z,RATIO,2,WB_WDI,P1Y,0,A,PU,Annual,Jamaica,Poverty headcount ratio at $6.85 a day (2017 PPP) (% of population),Total,All age ranges or no breakdown by age,Total,Percentage of population,Not Applicable,Not Applicable,Not Applicable,Not Applicable,Ratio,Two,World Development Indicators (WDI),Annual,Units,Normal value,Public,,,,,,,,,,,,,,,,,,,,,,,,,,60.3,,64.2,,,78.9,,,60.2,,,45.1,,,46.6,,44.3,,,,,,,,,,,,,,18.3,,,22.9,,,,
datastructure,WB.DATA360:DS_DATA360(1.3),I,A,DEU,WB_WDI_SI_POV_UMIC,_T,_T,_T,PT_POP,_Z,_Z,_Z,_Z,RATIO,2,WB_WDI,P1Y,0,A,PU,Annual,Germany,Poverty headcount ratio at $6.85 a day (2017 PPP) (% of population),Total,All age ranges or no breakdown by age,Total,Percentage of population,Not Applicable,Not Applicable,Not Applicable,Not Applicable,Ratio,Two,World Development Indicators (WDI),Annual,Units,Normal value,Public,,,,,,,,,,,,,,,,,,,,,,,,,,,,,0.3,0.3,0.2,0.7,0.6,0.4,0.4,0.3,0.3,0.3,0.3,0.3,0.4,0.4,0.3,0.2,0.2,0.2,0.3,0.3,0.2,0.2,0.2,0.4,0.2,0.2,0.5,0.3,0.4,0.7,1.2,1.6,,,
datastructure,WB.DATA360:DS_DATA360(1.3),I,A,SLV,WB_WDI_SI_POV_UMIC,_T,_T,_T,PT_POP,_Z,_Z,_Z,_Z,RATIO,2,WB_WDI,P1Y,0,A,PU,Annual,El Salvador,Poverty headcount ratio at $6.85 a day (2017 PPP) (% of population),Total,All age ranges or no breakdown by age,Total,Percentage of population,Not Applicable,Not Applicable,Not Applicable,Not Applicable,Ratio,Two,World Development Indicators (WDI),Annual,Units,Normal value,Public,,,,,,,,,,,,,,,,,,,,,,,,,,,63.5,,70.5,,,,63.2,64.3,,62.9,60.0,56.0,57.2,56.8,58.4,56.9,57.1,56.2,53.1,56.0,56.6,54.8,56.0,53.5,49.1,49.3,46.6,44.9,42.4,39.1,34.7,,33.5,32.7,29.9,,
datastructure,WB.DATA360:DS_DATA360(1.3),I,A,BFA,WB_WDI_SI_POV_UMIC,_T,_T,_T,PT_POP,_Z,_Z,_Z,_Z,RATIO,2,WB_WDI,P1Y,0,A,PU,Annual,Burkina Faso,Poverty headcount ratio at $6.85 a day (2017 PPP) (% of population),Total,All age ranges or no breakdown by age,Total,Percentage of population,Not Applicable,Not Applicable,Not Applicable,Not Applicable,Ratio,Two,World Development Indicators (WDI),Annual,Units,Normal value,Public,,,,,,,,,,,,,,,,,,,,,,,,,,,,,,,,98.2,,,,97.1,,,,,95.1,,,,,,95.9,,,,,94.5,,,,89.5,,,90.4,,,,
datastructure,WB.DATA360:DS_DATA360(1.3),I,A,SEN,WB_WDI_SI_POV_UMIC,_T,_T,_T,PT_POP,_Z,_Z,_Z,_Z,RATIO,2,WB_WDI,P1Y,0,A,PU,Annual,Senegal,Poverty headcount ratio at $6.85 a day (2017 PPP) (% of population),Total,All age ranges or no breakdown by age,Total,Percentage of population,Not Applicable,Not Applicable,Not Applicable,Not Applicable,Ratio,Two,World Development Indicators (WDI),Annual,Units,Normal value,Public,,,,,,,,,,,,,,,,,,,,,,,,,,,,,95.8,,,96.8,,,,,,,95.2,,,,93.4,,,,,,92.0,,,,,,,78.2,,,78.6,,,,
datastructure,WB.DATA360:DS_DATA360(1.3),I,A,IRQ,WB_WDI_SI_POV_UMIC,_T,_T,_T,PT_POP,_Z,_Z,_Z,_Z,RATIO,2,WB_WDI,P1Y,0,A,PU,Annual,Iraq,Poverty headcount ratio at $6.85 a day (2017 PPP) (% of population),Total,All age ranges or no breakdown by age,Total,Percentage of population,Not Applicable,Not Applicable,Not Applicable,Not Applicable,Ratio,Two,World Development Indicators (WDI),Annual,Units,Normal value,Public,,,,,,,,,,,,,,,,,,,,,,,,,,,,,,,,,,,,,,,,,,,,35.2,,,,,,32.0,,,,,,,,,,,28.0,,
datastructure,WB.DATA360:DS_DATA360(1.3),I,A,LIC,WB_WDI_SI_POV_UMIC,_T,_T,_T,PT_POP,_Z,_Z,_Z,_Z,RATIO,2,WB_WDI,P1Y,0,A,PU,Annual,Low income,Poverty headcount ratio at $6.85 a day (2017 PPP) (% of population),Total,All age ranges or no breakdown by age,Total,Percentage of population,Not Applicable,Not Applicable,Not Applicable,Not Applicable,Ratio,Two,World Development Indicators (WDI),Annual,Units,Normal value,Public,,,,,,,,,,,,,,,,,,,,,,,,,,,,,,,,,92.4,92.1,91.6,91.6,92.0,91.9,91.5,91.5,90.7,90.0,89.8,89.6,89.3,88.9,89.0,88.7,88.6,89.1,90.0,90.2,90.4,90.6,90.4,,,91.6,92.1,92.1,92.5,,
datastructure,WB.DATA360:DS_DATA360(1.3),I,A,KEN,WB_WDI_SI_POV_UMIC,_T,_T,_T,PT_POP,_Z,_Z,_Z,_Z,RATIO,2,WB_WDI,P1Y,0,A,PU,Annual,Kenya,Poverty headcount ratio at $6.85 a day (2017 PPP) (% of population),Total,All age ranges or no breakdown by age,Total,Percentage of population,Not Applicable,Not Applicable,Not Applicable,Not Applicable,Ratio,Two,World Development Indicators (WDI),Annual,Units,Normal value,Public,,,,,,,,,,,,,,,,,,,,,,,,,,,,,,75.0,,83.3,,,82.2,,,,,,,,87.5,,,,,,,,,,85.8,,,,,91.0,91.3,90.1,,,
datastructure,WB.DATA360:DS_DATA360(1.3),I,A,LMC,WB_WDI_SI_POV_UMIC,_T,_T,_T,PT_POP,_Z,_Z,_Z,_Z,RATIO,2,WB_WDI,P1Y,0,A,PU,Annual,Lower middle income,Poverty headcount ratio at $6.85 a day (2017 PPP) (% of population),Total,All age ranges or no breakdown by age,Total,Percentage of population,Not Applicable,Not Applicable,Not Applicable,Not Applicable,Ratio,Two,World Development Indicators (WDI),Annual,Units,Normal value,Public,,,,,,,,,,,,,,,,,,,93.6,93.7,93.7,93.6,93.4,93.3,93.3,93.0,93.1,93.0,93.1,93.1,93.5,93.4,93.4,93.1,,,,,,92.7,92.6,92.2,91.8,91.2,90.8,90.3,89.9,89.1,88.1,87.2,86.1,85.3,,,,,,82.2,81.3,79.8,78.1,76.6,
datastructure,WB.DATA360:DS_DATA360(1.3),I,A,LSO,WB_WDI_SI_POV_UMIC,_T,_T,_T,PT_POP,_Z,_Z,_Z,_Z,RATIO,2,WB_WDI,P1Y,0,A,PU,Annual,Lesotho,Poverty headcount ratio at $6.85 a day (2017 PPP) (% of population),Total,All age ranges or no breakdown by age,Total,Percentage of population,Not Applicable,Not Applicable,Not Applicable,Not Applicable,Ratio,Two,World Development Indicators (WDI),Annual,Units,Normal value,Public,,,,,,,,,,,,,,,,,,,,,,,,90.6,,,,,,,,84.8,,,,,,,,95.9,,,,,,,,,,,,,,,83.8,,,,,,,,
datastructure,WB.DATA360:DS_DATA360(1.3),I,A,CPV,WB_WDI_SI_POV_UMIC,_T,_T,_T,PT_POP,_Z,_Z,_Z,_Z,RATIO,2,WB_WDI,P1Y,0,A,PU,Annual,Cabo Verde,Poverty headcount ratio at $6.85 a day (2017 PPP) (% of population),Total,All age ranges or no breakdown by age,Total,Percentage of population,Not Applicable,Not Applicable,Not Applicable,Not Applicable,Ratio,Two,World Development Indicators (WDI),Annual,Units,Normal value,Public,,,,,,,,,,,,,,,,,,,,,,,,,,,,,,,,,,,,,,,79.9,,,,,,74.2,,,,,,,,65.0,,,,,,,,,,
datastructure,WB.DATA360:DS_DATA360(1.3),I,A,GTM,WB_WDI_SI_POV_UMIC,_T,_T,_T,PT_POP,_Z,_Z,_Z,_Z,RATIO,2,WB_WDI,P1Y,0,A,PU,Annual,Guatemala,Poverty headcount ratio at $6.85 a day (2017 PPP) (% of population),Total,All age ranges or no breakdown by age,Total,Percentage of population,Not Applicable,Not Applicable,Not Applicable,Not Applicable,Ratio,Two,World Development Indicators (WDI),Annual,Units,Normal value,Public,,,,,,,,,,,,,,,,,,,,,,,,83.0,,,70.3,,,,,,,,,46.6,,41.7,,,,,,40.2,,,,,,,,44.8,,,,,,,,,47.3,,
datastructure,WB.DATA360:DS_DATA360(1.3),I,A,MDV,WB_WDI_SI_POV_UMIC,_T,_T,_T,PT_POP,_Z,_Z,_Z,_Z,RATIO,2,WB_WDI,P1Y,0,A,PU,Annual,Maldives,Poverty headcount ratio at $6.85 a day (2017 PPP) (% of population),Total,All age ranges or no breakdown by age,Total,Percentage of population,Not Applicable,Not Applicable,Not Applicable,Not Applicable,Ratio,Two,World Development Indicators (WDI),Annual,Units,Normal value,Public,,,,,,,,,,,,,,,,,,,,,,,,,,,,,,,,,,,,,,,,81.4,,,,,,,65.0,,,,,,,11.7,,,11.2,,,,,,
datastructure,WB.DATA360:DS_DATA360(1.3),I,A,KGZ,WB_WDI_SI_POV_UMIC,_T,_T,_T,PT_POP,_Z,_Z,_Z,_Z,RATIO,2,WB_WDI,P1Y,0,A,PU,Annual,Kyrgyz Republic,Poverty headcount ratio at $6.85 a day (2017 PPP) (% of population),Total,All age ranges or no breakdown by age,Total,Percentage of population,Not Applicable,Not Applicable,Not Applicable,Not Applicable,Ratio,Two,World Development Indicators (WDI),Annual,Units,Normal value,Public,,,,,,,,,,,,,,,,,,,,,,,,,,,,,,,,,,,,87.5,,97.6,97.7,97.5,97.1,86.8,91.2,81.9,84.2,80.6,80.1,82.5,83.5,85.2,85.1,84.1,85.1,83.7,83.5,80.3,78.9,81.3,76.9,76.8,72.1,65.2,
datastructure,WB.DATA360:DS_DATA360(1.3),I,A,HIC,WB_WDI_SI_POV_UMIC,_T,_T,_T,PT_POP,_Z,_Z,_Z,_Z,RATIO,2,WB_WDI,P1Y,0,A,PU,Annual,High income,Poverty headcount ratio at $6.85 a day (2017 PPP) (% of population),Total,All age ranges or no breakdown by age,Total,Percentage of population,Not Applicable,Not Applicable,Not Applicable,Not Applicable,Ratio,Two,World Development Indicators (WDI),Annual,Units,Normal value,Public,,,,,,,,,,,,,,,,,,,,9.8,9.5,9.3,8.9,8.6,8.1,7.7,7.4,7.5,7.8,8.7,10.6,11.6,9.8,10.9,9.4,9.4,11.3,10.6,9.4,8.7,8.2,7.4,6.8,6.1,5.0,4.1,4.0,3.8,3.7,3.6,3.5,3.3,3.3,3.0,2.7,2.7,2.5,2.3,1.8,2.0,1.8,1.7,
datastructure,WB.DATA360:DS_DATA360(1.3),I,A,CIV,WB_WDI_SI_POV_UMIC,_T,_T,_T,PT_POP,_Z,_Z,_Z,_Z,RATIO,2,WB_WDI,P1Y,0,A,PU,Annual,Côte d’Ivoire,Poverty headcount ratio at $6.85 a day (2017 PPP) (% of population),Total,All age ranges or no breakdown by age,Total,Percentage of population,Not Applicable,Not Applicable,Not Applicable,Not Applicable,Ratio,Two,World Development Indicators (WDI),Annual,Units,Normal value,Public,,,,,,,,,,,,,,,,,,,,,,,59.8,66.7,73.3,80.5,,,,86.6,,,88.2,,,89.1,,,,88.3,,,,,,88.2,,,,,,,89.8,,,79.0,,,80.9,,,,
datastructure,WB.DATA360:DS_DATA360(1.3),I,A,SYR,WB_WDI_SI_POV_UMIC,_T,_T,_T,PT_POP,_Z,_Z,_Z,_Z,RATIO,2,WB_WDI,P1Y,0,A,PU,Annual,Syrian Arab Republic,Poverty headcount ratio at $6.85 a day (2017 PPP) (% of population),Total,All age ranges or no breakdown by age,Total,Percentage of population,Not Applicable,Not Applicable,Not Applicable,Not Applicable,Ratio,Two,World Development Indicators (WDI),Annual,Units,Normal value,Public,,,,,,,,,,,,,,,,,,,,,,,,,,,,,,,,,,41.8,,,,,,,29.7,,,31.7,,,32.0,,,,,,,,,,,,,89.3,,,
datastructure,WB.DATA360:DS_DATA360(1.3),I,A,TKM,WB_WDI_SI_POV_UMIC,_T,_T,_T,PT_POP,_Z,_Z,_Z,_Z,RATIO,2,WB_WDI,P1Y,0,A,PU,Annual,Turkmenistan,Poverty headcount ratio at $6.85 a day (2017 PPP) (% of population),Total,All age ranges or no breakdown by age,Total,Percentage of population,Not Applicable,Not Applicable,Not Applicable,Not Applicable,Ratio,Two,World Development Indicators (WDI),Annual,Units,Normal value,Public,,,,,,,,,,,,,,,,,,,,,,,,,,,,,,,,,,,,84.6,,,,,,,,,,,,,,,,,,,,,,,,,,,
datastructure,WB.DATA360:DS_DATA360(1.3),I,A,TJK,WB_WDI_SI_POV_UMIC,_T,_T,_T,PT_POP,_Z,_Z,_Z,_Z,RATIO,2,WB_WDI,P1Y,0,A,PU,Annual,Tajikistan,Poverty headcount ratio at $6.85 a day (2017 PPP) (% of population),Total,All age ranges or no breakdown by age,Total,Percentage of population,Not Applicable,Not Applicable,Not Applicable,Not Applicable,Ratio,Two,World Development Indicators (WDI),Annual,Units,Normal value,Public,,,,,,,,,,,,,,,,,,,,,,,,,,,,,,,,,,,,,99.4,,,,96.4,90.5,,,89.7,,82.0,,,,,,74.1,,,,,,64.9,59.7,55.7,55.4,
datastructure,WB.DATA360:DS_DATA360(1.3),I,A,ZWE,WB_WDI_SI_POV_UMIC,_T,_T,_T,PT_POP,_Z,_Z,_Z,_Z,RATIO,2,WB_WDI,P1Y,0,A,PU,Annual,Zimbabwe,Poverty headcount ratio at $6.85 a day (2017 PPP) (% of population),Total,All age ranges or no breakdown by age,Total,Percentage of population,Not Applicable,Not Applicable,Not Applicable,Not Applicable,Ratio,Two,World Development Indicators (WDI),Annual,Units,Normal value,Public,,,,,,,,,,,,,,,,,,,,,,,,,,,,,,,,,,,,,,,,,,,,,,,,,83.2,,,,,,85.5,,86.2,,,,,,
datastructure,WB.DATA360:DS_DATA360(1.3),I,A,ARG,WB_WDI_SI_POV_UMIC,_T,_T,_T,PT_POP,_Z,_Z,_Z,_Z,RATIO,2,WB_WDI,P1Y,0,A,PU,Annual,Argentina,Poverty headcount ratio at $6.85 a day (2017 PPP) (% of population),Total,All age ranges or no breakdown by age,Total,Percentage of population,Not Applicable,Not Applicable,Not Applicable,Not Applicable,Ratio,Two,World Development Indicators (WDI),Annual,Units,Normal value,Public,,,,,,,,,,,,,,,,,,7.5,,,,,,6.0,9.6,,,,17.3,17.9,17.4,18.5,24.0,25.8,24.8,27.0,28.0,30.9,34.3,49.1,33.1,28.6,24.5,19.9,18.9,16.7,15.2,13.6,11.3,10.3,10.4,11.7,,11.5,9.8,12.5,14.9,18.3,14.2,13.9,16.4,15.2,
datastructure,WB.DATA360:DS_DATA360(1.3),I,A,PAK,WB_WDI_SI_POV_UMIC,_T,_T,_T,PT_POP,_Z,_Z,_Z,_Z,RATIO,2,WB_WDI,P1Y,0,A,PU,Annual,Pakistan,Poverty headcount ratio at $6.85 a day (2017 PPP) (% of population),Total,All age ranges or no breakdown by age,Total,Percentage of population,Not Applicable,Not Applicable,Not Applicable,Not Applicable,Ratio,Two,World Development Indicators (WDI),Annual,Units,Normal value,Public,,,,,,,,,,,,,,,,,,,,,,,,,98.2,,,98.3,,,,,,96.0,,94.7,,,96.9,,,94.1,94.1,,93.6,,,92.7,91.8,,90.0,,87.4,,,88.4,,,,,,87.1,
datastructure,WB.DATA360:DS_DATA360(1.3),I,A,URY,WB_WDI_SI_POV_UMIC,_T,_T,_T,PT_POP,_Z,_Z,_Z,_Z,RATIO,2,WB_WDI,P1Y,0,A,PU,Annual,Uruguay,Poverty headcount ratio at $6.85 a day (2017 PPP) (% of population),Total,All age ranges or no breakdown by age,Total,Percentage of population,Not Applicable,Not Applicable,Not Applicable,Not Applicable,Ratio,Two,World Development Indicators (WDI),Annual,Units,Normal value,Public,,,,,,,,,,,,,,,,,,,17.1,,,,,,,,13.3,,,11.0,,,10.9,11.5,11.8,11.7,,11.7,14.0,18.3,24.3,25.0,22.5,22.1,19.4,14.6,13.4,11.9,8.4,7.8,7.2,6.2,5.9,5.6,4.5,4.9,5.0,7.1,6.7,6.3,6.6,5.9,
datastructure,WB.DATA360:DS_DATA360(1.3),I,A,ALB,WB_WDI_SI_POV_UMIC,_T,_T,_T,PT_POP,_Z,_Z,_Z,_Z,RATIO,2,WB_WDI,P1Y,0,A,PU,Annual,Albania,Poverty headcount ratio at $6.85 a day (2017 PPP) (% of population),Total,All age ranges or no breakdown by age,Total,Percentage of population,Not Applicable,Not Applicable,Not Applicable,Not Applicable,Ratio,Two,World Development Indicators (WDI),Annual,Units,Normal value,Public,,,,,,,,,,,,,,,,,,,,,,,,,,,,,,,,,,58.6,,,,,,61.0,,,50.0,,,43.4,,,,45.9,,46.5,32.8,32.9,32.7,24.1,21.5,19.9,,,,,
datastructure,WB.DATA360:DS_DATA360(1.3),I,A,SSD,WB_WDI_SI_POV_UMIC,_T,_T,_T,PT_POP,_Z,_Z,_Z,_Z,RATIO,2,WB_WDI,P1Y,0,A,PU,Annual,South Sudan,Poverty headcount ratio at $6.85 a day (2017 PPP) (% of population),Total,All age ranges or no breakdown by age,Total,Percentage of population,Not Applicable,Not Applicable,Not Applicable,Not Applicable,Ratio,Two,World Development Indicators (WDI),Annual,Units,Normal value,Public,,,,,,,,,,,,,,,,,,,,,,,,,,,,,,,,,,,,,,,,,,,,,,,84.9,,,,,,,97.6,,,,,,,,,
datastructure,WB.DATA360:DS_DATA360(1.3),I,A,STP,WB_WDI_SI_POV_UMIC,_T,_T,_T,PT_POP,_Z,_Z,_Z,_Z,RATIO,2,WB_WDI,P1Y,0,A,PU,Annual,São Tomé and Príncipe,Poverty headcount ratio at $6.85 a day (2017 PPP) (% of population),Total,All age ranges or no breakdown by age,Total,Percentage of population,Not Applicable,Not Applicable,Not Applicable,Not Applicable,Ratio,Two,World Development Indicators (WDI),Annual,Units,Normal value,Public,,,,,,,,,,,,,,,,,,,,,,,,,,,,,,,,,,,,,,78.2,,,,,,,,,,83.0,,,,,,,70.0,,,,,,,,
datastructure,WB.DATA360:DS_DATA360(1.3),I,A,DZA,WB_WDI_SI_POV_UMIC,_T,_T,_T,PT_POP,_Z,_Z,_Z,_Z,RATIO,2,WB_WDI,P1Y,0,A,PU,Annual,Algeria,Poverty headcount ratio at $6.85 a day (2017 PPP) (% of population),Total,All age ranges or no breakdown by age,Total,Percentage of population,Not Applicable,Not Applicable,Not Applicable,Not Applicable,Ratio,Two,World Development Indicators (WDI),Annual,Units,Normal value,Public,,,,,,,,,,,,,,,,,,,,,,,,,,67.7,,,,,,,65.2,,,,,,,,,,,,,,,,41.8,,,,,,,,,,,,,,
datastructure,WB.DATA360:DS_DATA360(1.3),I,A,ZAF,WB_WDI_SI_POV_UMIC,_T,_T,_T,PT_POP,_Z,_Z,_Z,_Z,RATIO,2,WB_WDI,P1Y,0,A,PU,Annual,South Africa,Poverty headcount ratio at $6.85 a day (2017 PPP) (% of population),Total,All age ranges or no breakdown by age,Total,Percentage of population,Not Applicable,Not Applicable,Not Applicable,Not Applicable,Ratio,Two,World Development Indicators (WDI),Annual,Units,Normal value,Public,,,,,,,,,,,,,,,,,,,,,,,,,,,,,,,75.4,,,,,,,78.5,,,,,74.9,,,70.5,,65.1,,,,65.7,,,,,,,,59.6,,,
datastructure,WB.DATA360:DS_DATA360(1.3),I,A,FIN,WB_WDI_SI_POV_UMIC,_T,_T,_T,PT_POP,_Z,_Z,_Z,_Z,RATIO,2,WB_WDI,P1Y,0,A,PU,Annual,Finland,Poverty headcount ratio at $6.85 a day (2017 PPP) (% of population),Total,All age ranges or no breakdown by age,Total,Percentage of population,Not Applicable,Not Applicable,Not Applicable,Not Applicable,Ratio,Two,World Development Indicators (WDI),Annual,Units,Normal value,Public,,,,,,,,,,,,,,,,,,,,,,,,,0.2,,,,0.2,,,,0.2,,,,,0.2,,,0.2,0.2,0.2,0.2,0.1,0.2,0.1,0.2,0.1,0.2,0.2,0.2,0.2,0.2,0.2,0.2,0.2,0.1,0.2,0.3,0.4,,
datastructure,WB.DATA360:DS_DATA360(1.3),I,A,BRA,WB_WDI_SI_POV_UMIC,_T,_T,_T,PT_POP,_Z,_Z,_Z,_Z,RATIO,2,WB_WDI,P1Y,0,A,PU,Annual,Brazil,Poverty headcount ratio at $6.85 a day (2017 PPP) (% of population),Total,All age ranges or no breakdown by age,Total,Percentage of population,Not Applicable,Not Applicable,Not Applicable,Not Applicable,Ratio,Two,World Development Indicators (WDI),Annual,Units,Normal value,Public,,,,,,,,,,,,,,,,,,,68.9,68.4,73.9,74.0,70.0,51.6,61.3,63.0,60.3,65.8,,67.9,66.0,,54.8,54.9,55.1,54.3,55.8,,50.3,49.8,50.9,49.5,47.5,43.7,41.2,38.2,36.3,,32.2,30.4,27.9,26.4,27.4,29.1,29.3,28.7,28.0,20.8,30.6,25.3,23.3,20.6,
datastructure,WB.DATA360:DS_DATA360(1.3),I,A,MKD,WB_WDI_SI_POV_UMIC,_T,_T,_T,PT_POP,_Z,_Z,_Z,_Z,RATIO,2,WB_WDI,P1Y,0,A,PU,Annual,North Macedonia,Poverty headcount ratio at $6.85 a day (2017 PPP) (% of population),Total,All age ranges or no breakdown by age,Total,Percentage of population,Not Applicable,Not Applicable,Not Applicable,Not Applicable,Ratio,Two,World Development Indicators (WDI),Annual,Units,Normal value,Public,,,,,,,,,,,,,,,,,,,,,,,,,,,,,,,,,,,,44.4,,58.3,,33.1,34.2,23.2,31.4,32.8,,24.1,43.6,40.0,39.5,37.8,36.5,32.4,30.4,27.0,24.7,22.7,20.5,,,,,,
datastructure,WB.DATA360:DS_DATA360(1.3),I,A,SVN,WB_WDI_SI_POV_UMIC,_T,_T,_T,PT_POP,_Z,_Z,_Z,_Z,RATIO,2,WB_WDI,P1Y,0,A,PU,Annual,Slovenia,Poverty headcount ratio at $6.85 a day (2017 PPP) (% of population),Total,All age ranges or no breakdown by age,Total,Percentage of population,Not Applicable,Not Applicable,Not Applicable,Not Applicable,Ratio,Two,World Development Indicators (WDI),Annual,Units,Normal value,Public,,,,,,,,,,,,,,,,,,,,,,,,,0.0,,,,,,0.0,,,,1.1,0.0,1.2,,,1.2,1.9,0.6,0.6,0.5,0.3,0.2,0.3,0.2,0.3,0.5,0.6,0.3,0.4,0.3,0.1,0.2,0.1,0.1,0.1,0.2,0.1,,
datastructure,WB.DATA360:DS_DATA360(1.3),I,A,GNQ,WB_WDI_SI_POV_UMIC,_T,_T,_T,PT_POP,_Z,_Z,_Z,_Z,RATIO,2,WB_WDI,P1Y,0,A,PU,Annual,Equatorial Guinea,Poverty headcount ratio at $6.85 a day (2017 PPP) (% of population),Total,All age ranges or no breakdown by age,Total,Percentage of population,Not Applicable,Not Applicable,Not Applicable,Not Applicable,Ratio,Two,World Development Indicators (WDI),Annual,Units,Normal value,Public,,,,,,,,,,,,,,,,,,,,,,,,,,,,,,,,,,,,,,,,,,,,,,,,,,,,,,,,,,,,58.1,,,
datastructure,WB.DATA360:DS_DATA360(1.3),I,A,LMY,WB_WDI_SI_POV_UMIC,_T,_T,_T,PT_POP,_Z,_Z,_Z,_Z,RATIO,2,WB_WDI,P1Y,0,A,PU,Annual,Low & middle income,Poverty headcount ratio at $6.85 a day (2017 PPP) (% of population),Total,All age ranges or no breakdown by age,Total,Percentage of population,Not Applicable,Not Applicable,Not Applicable,Not Applicable,Ratio,Two,World Development Indicators (WDI),Annual,Units,Normal value,Public,,,,,,,,,,,,,,,,,,,89.0,89.0,89.2,89.1,88.9,88.2,88.6,88.5,88.4,88.4,88.6,88.7,88.7,88.3,87.9,87.5,87.1,86.9,86.9,85.9,85.3,84.5,83.7,82.2,80.7,79.2,77.7,76.5,75.4,73.4,71.6,69.9,67.8,66.3,64.7,63.4,62.3,60.8,59.9,60.8,58.7,58.1,56.6,55.4,
datastructure,WB.DATA360:DS_DATA360(1.3),I,A,SAS,WB_WDI_SI_POV_UMIC,_T,_T,_T,PT_POP,_Z,_Z,_Z,_Z,RATIO,2,WB_WDI,P1Y,0,A,PU,Annual,South Asia,Poverty headcount ratio at $6.85 a day (2017 PPP) (% of population),Total,All age ranges or no breakdown by age,Total,Percentage of population,Not Applicable,Not Applicable,Not Applicable,Not Applicable,Ratio,Two,World Development Indicators (WDI),Annual,Units,Normal value,Public,,,,,,,,,,,,,,,,,,,97.4,97.4,97.1,97.1,96.9,96.9,96.9,96.9,96.9,96.9,97.0,97.0,97.0,96.8,96.6,96.5,,,,,,95.7,95.6,95.4,95.1,94.8,94.4,94.3,94.0,93.1,92.0,91.2,90.6,89.9,,,,,,84.9,83.4,81.4,78.8,76.4,
datastructure,WB.DATA360:DS_DATA360(1.3),I,A,BRB,WB_WDI_SI_POV_UMIC,_T,_T,_T,PT_POP,_Z,_Z,_Z,_Z,RATIO,2,WB_WDI,P1Y,0,A,PU,Annual,Barbados,Poverty headcount ratio at $6.85 a day (2017 PPP) (% of population),Total,All age ranges or no breakdown by age,Total,Percentage of population,Not Applicable,Not Applicable,Not Applicable,Not Applicable,Ratio,Two,World Development Indicators (WDI),Annual,Units,Normal value,Public,,,,,,,,,,,,,,,,,,,,,,,,,,,,,,,,,,,,,,,,,,,,,,,,,,,,,,15.8,,,,,,,,,
datastructure,WB.DATA360:DS_DATA360(1.3),I,A,MAR,WB_WDI_SI_POV_UMIC,_T,_T,_T,PT_POP,_Z,_Z,_Z,_Z,RATIO,2,WB_WDI,P1Y,0,A,PU,Annual,Morocco,Poverty headcount ratio at $6.85 a day (2017 PPP) (% of population),Total,All age ranges or no breakdown by age,Total,Percentage of population,Not Applicable,Not Applicable,Not Applicable,Not Applicable,Ratio,Two,World Development Indicators (WDI),Annual,Units,Normal value,Public,,,,,,,,,,,,,,,,,,,,,,82.1,,,,,,65.5,,,,,,,,73.4,,73.2,,,,,,65.1,,,,,,,49.0,,,,,,,,,,,,
datastructure,WB.DATA360:DS_DATA360(1.3),I,A,SDN,WB_WDI_SI_POV_UMIC,_T,_T,_T,PT_POP,_Z,_Z,_Z,_Z,RATIO,2,WB_WDI,P1Y,0,A,PU,Annual,Sudan,Poverty headcount ratio at $6.85 a day (2017 PPP) (% of population),Total,All age ranges or no breakdown by age,Total,Percentage of population,Not Applicable,Not Applicable,Not Applicable,Not Applicable,Ratio,Two,World Development Indicators (WDI),Annual,Units,Normal value,Public,,,,,,,,,,,,,,,,,,,,,,,,,,,,,,,,,,,,,,,,,,,,,,,68.4,,,,,73.2,,,,,,,,,,,
datastructure,WB.DATA360:DS_DATA360(1.3),I,A,ETH,WB_WDI_SI_POV_UMIC,_T,_T,_T,PT_POP,_Z,_Z,_Z,_Z,RATIO,2,WB_WDI,P1Y,0,A,PU,Annual,Ethiopia,Poverty headcount ratio at $6.85 a day (2017 PPP) (% of population),Total,All age ranges or no breakdown by age,Total,Percentage of population,Not Applicable,Not Applicable,Not Applicable,Not Applicable,Ratio,Two,World Development Indicators (WDI),Annual,Units,Normal value,Public,,,,,,,,,,,,,,,,,,,,,,,,,,,,,,,,,96.5,,,,97.7,,,,,95.7,,,,,,93.2,,,,,89.9,,,,,,93.5,,,,
datastructure,WB.DATA360:DS_DATA360(1.3),I,A,ISR,WB_WDI_SI_POV_UMIC,_T,_T,_T,PT_POP,_Z,_Z,_Z,_Z,RATIO,2,WB_WDI,P1Y,0,A,PU,Annual,Israel,Poverty headcount ratio at $6.85 a day (2017 PPP) (% of population),Total,All age ranges or no breakdown by age,Total,Percentage of population,Not Applicable,Not Applicable,Not Applicable,Not Applicable,Ratio,Two,World Development Indicators (WDI),Annual,Units,Normal value,Public,,,,,,,,,,,,,,,,,13.1,,,,,,,13.9,,,,,,7.2,,,,,8.9,,,,6.8,12.1,11.3,12.7,12.1,11.6,9.4,9.2,10.3,10.2,9.1,8.5,6.8,7.4,6.8,5.6,5.4,4.5,5.2,4.4,4.3,4.4,,,
datastructure,WB.DATA360:DS_DATA360(1.3),I,A,CAN,WB_WDI_SI_POV_UMIC,_T,_T,_T,PT_POP,_Z,_Z,_Z,_Z,RATIO,2,WB_WDI,P1Y,0,A,PU,Annual,Canada,Poverty headcount ratio at $6.85 a day (2017 PPP) (% of population),Total,All age ranges or no breakdown by age,Total,Percentage of population,Not Applicable,Not Applicable,Not Applicable,Not Applicable,Ratio,Two,World Development Indicators (WDI),Annual,Units,Normal value,Public,,,,,,,,,6.4,,4.0,,3.3,,3.1,,2.6,,2.0,1.9,,2.2,1.7,1.7,1.4,1.3,1.7,1.8,1.9,1.5,1.8,1.5,1.5,1.2,1.2,1.2,1.4,1.0,1.0,1.0,0.8,0.9,1.1,0.8,0.7,1.0,0.9,0.7,0.7,1.0,1.1,0.9,1.0,0.9,0.8,0.9,0.9,0.4,0.4,0.6,,,
datastructure,WB.DATA360:DS_DATA360(1.3),I,A,AGO,WB_WDI_SI_POV_UMIC,_T,_T,_T,PT_POP,_Z,_Z,_Z,_Z,RATIO,2,WB_WDI,P1Y,0,A,PU,Annual,Angola,Poverty headcount ratio at $6.85 a day (2017 PPP) (% of population),Total,All age ranges or no breakdown by age,Total,Percentage of population,Not Applicable,Not Applicable,Not Applicable,Not Applicable,Ratio,Two,World Development Indicators (WDI),Annual,Units,Normal value,Public,,,,,,,,,,,,,,,,,,,,,,,,,,,,,,,,,,,,,,69.7,,,,,,,,71.7,,,,,,,,,,80.0,,,,,,,
datastructure,WB.DATA360:DS_DATA360(1.3),I,A,AUS,WB_WDI_SI_POV_UMIC,_T,_T,_T,PT_POP,_Z,_Z,_Z,_Z,RATIO,2,WB_WDI,P1Y,0,A,PU,Annual,Australia,Poverty headcount ratio at $6.85 a day (2017 PPP) (% of population),Total,All age ranges or no breakdown by age,Total,Percentage of population,Not Applicable,Not Applicable,Not Applicable,Not Applicable,Ratio,Two,World Development Indicators (WDI),Annual,Units,Normal value,Public,,,,,,,,,,,,,,,,,,,2.0,,,,2.2,,,,2.3,,,,,,2.0,,,,,,1.8,,1.9,1.3,,,,0.9,,1.0,,,,1.0,,1.0,,1.2,,1.5,,,,,
datastructure,WB.DATA360:DS_DATA360(1.3),I,A,KAZ,WB_WDI_SI_POV_UMIC,_T,_T,_T,PT_POP,_Z,_Z,_Z,_Z,RATIO,2,WB_WDI,P1Y,0,A,PU,Annual,Kazakhstan,Poverty headcount ratio at $6.85 a day (2017 PPP) (% of population),Total,All age ranges or no breakdown by age,Total,Percentage of population,Not Applicable,Not Applicable,Not Applicable,Not Applicable,Ratio,Two,World Development Indicators (WDI),Annual,Units,Normal value,Public,,,,,,,,,,,,,,,,,,,,,,,,,,,,,,,74.0,,,69.5,,,,,77.4,75.6,71.0,68.3,64.7,55.7,43.3,42.3,43.1,37.5,23.9,23.6,18.0,19.3,22.2,29.1,23.6,18.8,19.3,18.6,15.2,,,,
datastructure,WB.DATA360:DS_DATA360(1.3),I,A,FRA,WB_WDI_SI_POV_UMIC,_T,_T,_T,PT_POP,_Z,_Z,_Z,_Z,RATIO,2,WB_WDI,P1Y,0,A,PU,Annual,France,Poverty headcount ratio at $6.85 a day (2017 PPP) (% of population),Total,All age ranges or no breakdown by age,Total,Percentage of population,Not Applicable,Not Applicable,Not Applicable,Not Applicable,Ratio,Two,World Development Indicators (WDI),Annual,Units,Normal value,Public,,,,,,,,4.6,,,,,2.8,,,,1.5,,,,,1.5,,,,,,0.6,,,,,,0.8,0.7,0.5,0.5,0.5,0.4,0.2,0.5,0.3,0.3,0.2,0.1,0.1,0.4,0.4,0.2,0.3,0.2,0.2,0.4,0.3,0.1,0.1,0.4,0.4,0.6,0.4,0.3,,
datastructure,WB.DATA360:DS_DATA360(1.3),I,A,BGR,WB_WDI_SI_POV_UMIC,_T,_T,_T,PT_POP,_Z,_Z,_Z,_Z,RATIO,2,WB_WDI,P1Y,0,A,PU,Annual,Bulgaria,Poverty headcount ratio at $6.85 a day (2017 PPP) (% of population),Total,All age ranges or no breakdown by age,Total,Percentage of population,Not Applicable,Not Applicable,Not Applicable,Not Applicable,Ratio,Two,World Development Indicators (WDI),Annual,Units,Normal value,Public,,,,,,,,,,,,,,,,,,,,,,,,,,,0.0,,,5.1,,9.8,21.4,,62.8,,,,35.8,,37.3,,,33.5,18.5,13.4,13.0,15.9,17.0,16.8,15.2,13.2,15.6,11.6,11.7,9.1,8.2,5.8,6.5,5.5,4.4,,
datastructure,WB.DATA360:DS_DATA360(1.3),I,A,BTN,WB_WDI_SI_POV_UMIC,_T,_T,_T,PT_POP,_Z,_Z,_Z,_Z,RATIO,2,WB_WDI,P1Y,0,A,PU,Annual,Bhutan,Poverty headcount ratio at $6.85 a day (2017 PPP) (% of population),Total,All age ranges or no breakdown by age,Total,Percentage of population,Not Applicable,Not Applicable,Not Applicable,Not Applicable,Ratio,Two,World Development Indicators (WDI),Annual,Units,Normal value,Public,,,,,,,,,,,,,,,,,,,,,,,,,,,,,,,,,,,,,,,,,76.1,,,,65.1,,,,,48.5,,,,,42.5,,,,,9.0,,,
datastructure,WB.DATA360:DS_DATA360(1.3),I,A,IDN,WB_WDI_SI_POV_UMIC,_T,_T,_T,PT_POP,_Z,_Z,_Z,_Z,RATIO,2,WB_WDI,P1Y,0,A,PU,Annual,Indonesia,Poverty headcount ratio at $6.85 a day (2017 PPP) (% of population),Total,All age ranges or no breakdown by age,Total,Percentage of population,Not Applicable,Not Applicable,Not Applicable,Not Applicable,Ratio,Two,World Development Indicators (WDI),Annual,Units,Normal value,Public,,,,,,,,,,,,,,,,,,,,,,99.2,,,99.2,,,98.5,,,98.3,,,96.9,,99.1,97.9,97.6,96.8,94.9,95.4,94.8,94.6,95.3,92.6,92.4,92.1,88.9,85.8,84.7,82.6,82.0,81.9,77.5,74.2,71.2,70.4,69.4,68.5,70.3,69.6,68.1,65.2
datastructure,WB.DATA360:DS_DATA360(1.3),I,A,ARE,WB_WDI_SI_POV_UMIC,_T,_T,_T,PT_POP,_Z,_Z,_Z,_Z,RATIO,2,WB_WDI,P1Y,0,A,PU,Annual,United Arab Emirates,Poverty headcount ratio at $6.85 a day (2017 PPP) (% of population),Total,All age ranges or no breakdown by age,Total,Percentage of population,Not Applicable,Not Applicable,Not Applicable,Not Applicable,Ratio,Two,World Development Indicators (WDI),Annual,Units,Normal value,Public,,,,,,,,,,,,,,,,,,,,,,,,,,,,,,,,,,,,,,,,,,,,,,,,,,,0.0,,,,,0.6,,,,,,,
datastructure,WB.DATA360:DS_DATA360(1.3),I,A,GHA,WB_WDI_SI_POV_UMIC,_T,_T,_T,PT_POP,_Z,_Z,_Z,_Z,RATIO,2,WB_WDI,P1Y,0,A,PU,Annual,Ghana,Poverty headcount ratio at $6.85 a day (2017 PPP) (% of population),Total,All age ranges or no breakdown by age,Total,Percentage of population,Not Applicable,Not Applicable,Not Applicable,Not Applicable,Ratio,Two,World Development Indicators (WDI),Annual,Units,Normal value,Public,,,,,,,,,,,,,,,,,,,,,,,,,98.4,98.1,,,98.3,,,,,,,96.1,,,,,,,94.1,,,,,,,86.3,,,,85.4,,,,,,,,,
datastructure,WB.DATA360:DS_DATA360(1.3),I,A,PHL,WB_WDI_SI_POV_UMIC,_T,_T,_T,PT_POP,_Z,_Z,_Z,_Z,RATIO,2,WB_WDI,P1Y,0,A,PU,Annual,Philippines,Poverty headcount ratio at $6.85 a day (2017 PPP) (% of population),Total,All age ranges or no breakdown by age,Total,Percentage of population,Not Applicable,Not Applicable,Not Applicable,Not Applicable,Ratio,Two,World Development Indicators (WDI),Annual,Units,Normal value,Public,,,,,,,,,,,,,,,,,,,,,,,89.0,,,87.1,,,85.4,,,84.7,,,78.0,,,73.4,,,73.0,,,72.5,,,71.0,,,69.9,,,65.8,,,60.2,,,62.3,,58.7,,
datastructure,WB.DATA360:DS_DATA360(1.3),I,A,KOR,WB_WDI_SI_POV_UMIC,_T,_T,_T,PT_POP,_Z,_Z,_Z,_Z,RATIO,2,WB_WDI,P1Y,0,A,PU,Annual,"Korea, Rep.",Poverty headcount ratio at $6.85 a day (2017 PPP) (% of population),Total,All age ranges or no breakdown by age,Total,Percentage of population,Not Applicable,Not Applicable,Not Applicable,Not Applicable,Ratio,Two,World Development Indicators (WDI),Annual,Units,Normal value,Public,,,,,,,,,,,,,,,,,,,,,,,,,,,,,,,,,,,,,,,,,,,,2.7,,2.3,,2.8,,2.2,,1.9,,1.4,1.3,0.9,0.6,0.5,0.5,,,,
datastructure,WB.DATA360:DS_DATA360(1.3),I,A,GUY,WB_WDI_SI_POV_UMIC,_T,_T,_T,PT_POP,_Z,_Z,_Z,_Z,RATIO,2,WB_WDI,P1Y,0,A,PU,Annual,Guyana,Poverty headcount ratio at $6.85 a day (2017 PPP) (% of population),Total,All age ranges or no breakdown by age,Total,Percentage of population,Not Applicable,Not Applicable,Not Applicable,Not Applicable,Ratio,Two,World Development Indicators (WDI),Annual,Units,Normal value,Public,,,,,,,,,,,,,,,,,,,,,,,,,,,,,,83.5,,,,,,54.2,,,,,,,,,,,,,,,,,,,,,,,,,,,
datastructure,WB.DATA360:DS_DATA360(1.3),I,A,ISL,WB_WDI_SI_POV_UMIC,_T,_T,_T,PT_POP,_Z,_Z,_Z,_Z,RATIO,2,WB_WDI,P1Y,0,A,PU,Annual,Iceland,Poverty headcount ratio at $6.85 a day (2017 PPP) (% of population),Total,All age ranges or no breakdown by age,Total,Percentage of population,Not Applicable,Not Applicable,Not Applicable,Not Applicable,Ratio,Two,World Development Indicators (WDI),Annual,Units,Normal value,Public,,,,,,,,,,,,,,,,,,,,,,,,,,,,,,,,,,,,,,,,,0.4,0.4,0.2,0.5,0.3,0.2,0.3,0.6,0.8,0.4,0.2,0.2,0.2,0.2,0.1,0.6,0.4,,,,,,
datastructure,WB.DATA360:DS_DATA360(1.3),I,A,NAC,WB_WDI_SI_POV_UMIC,_T,_T,_T,PT_POP,_Z,_Z,_Z,_Z,RATIO,2,WB_WDI,P1Y,0,A,PU,Annual,North America,Poverty headcount ratio at $6.85 a day (2017 PPP) (% of population),Total,All age ranges or no breakdown by age,Total,Percentage of population,Not Applicable,Not Applicable,Not Applicable,Not Applicable,Ratio,Two,World Development Indicators (WDI),Annual,Units,Normal value,Public,,,,,,,,,,,,,,,,,,,1.8,2.1,2.3,2.0,2.0,2.0,1.7,1.6,1.6,1.6,1.7,1.9,1.9,1.8,1.7,1.5,1.6,1.7,1.5,1.5,1.7,1.8,1.9,1.9,1.9,1.9,1.8,1.9,1.7,2.0,2.1,2.0,1.9,2.1,2.1,1.9,2.0,1.8,1.6,1.3,1.0,2.0,1.9,1.7,
datastructure,WB.DATA360:DS_DATA360(1.3),I,A,UKR,WB_WDI_SI_POV_UMIC,_T,_T,_T,PT_POP,_Z,_Z,_Z,_Z,RATIO,2,WB_WDI,P1Y,0,A,PU,Annual,Ukraine,Poverty headcount ratio at $6.85 a day (2017 PPP) (% of population),Total,All age ranges or no breakdown by age,Total,Percentage of population,Not Applicable,Not Applicable,Not Applicable,Not Applicable,Ratio,Two,World Development Indicators (WDI),Annual,Units,Normal value,Public,,,,,,,,,,,,,,,,,,,,,,,,,,,,,,64.2,65.8,,66.6,75.7,,,90.3,,,70.0,62.7,53.3,39.2,34.2,34.6,23.6,27.5,22.0,18.5,16.5,12.5,13.8,22.7,21.6,17.0,14.7,10.6,11.3,,,,,
datastructure,WB.DATA360:DS_DATA360(1.3),I,A,LAO,WB_WDI_SI_POV_UMIC,_T,_T,_T,PT_POP,_Z,_Z,_Z,_Z,RATIO,2,WB_WDI,P1Y,0,A,PU,Annual,Lao PDR,Poverty headcount ratio at $6.85 a day (2017 PPP) (% of population),Total,All age ranges or no breakdown by age,Total,Percentage of population,Not Applicable,Not Applicable,Not Applicable,Not Applicable,Ratio,Two,World Development Indicators (WDI),Annual,Units,Normal value,Public,,,,,,,,,,,,,,,,,,,,,,,,,,,,,,91.8,,,,,95.6,,,,,93.6,,,,,90.2,,,,,82.5,,,,,,75.3,,,,,,70.3,
datastructure,WB.DATA360:DS_DATA360(1.3),I,A,IDA,WB_WDI_SI_POV_UMIC,_T,_T,_T,PT_POP,_Z,_Z,_Z,_Z,RATIO,2,WB_WDI,P1Y,0,A,PU,Annual,IDA total,Poverty headcount ratio at $6.85 a day (2017 PPP) (% of population),Total,All age ranges or no breakdown by age,Total,Percentage of population,Not Applicable,Not Applicable,Not Applicable,Not Applicable,Ratio,Two,World Development Indicators (WDI),Annual,Units,Normal value,Public,,,,,,,,,,,,,,,,,,,,,,,,,,,93.4,93.4,93.5,93.4,93.6,93.4,93.1,92.8,92.5,92.2,92.5,92.5,92.4,92.3,92.2,91.5,91.1,90.7,90.3,89.6,89.6,89.1,88.7,88.4,87.5,87.0,86.6,86.3,85.8,85.3,85.1,86.0,85.9,85.4,85.2,84.7,
datastructure,WB.DATA360:DS_DATA360(1.3),I,A,QAT,WB_WDI_SI_POV_UMIC,_T,_T,_T,PT_POP,_Z,_Z,_Z,_Z,RATIO,2,WB_WDI,P1Y,0,A,PU,Annual,Qatar,Poverty headcount ratio at $6.85 a day (2017 PPP) (% of population),Total,All age ranges or no breakdown by age,Total,Percentage of population,Not Applicable,Not Applicable,Not Applicable,Not Applicable,Ratio,Two,World Development Indicators (WDI),Annual,Units,Normal value,Public,,,,,,,,,,,,,,,,,,,,,,,,,,,,,,,,,,,,,,,,,,,,,,,,,,,,,,,0.0,,,,,,,,
datastructure,WB.DATA360:DS_DATA360(1.3),I,A,SSF,WB_WDI_SI_POV_UMIC,_T,_T,_T,PT_POP,_Z,_Z,_Z,_Z,RATIO,2,WB_WDI,P1Y,0,A,PU,Annual,Sub-Saharan Africa,Poverty headcount ratio at $6.85 a day (2017 PPP) (% of population),Total,All age ranges or no breakdown by age,Total,Percentage of population,Not Applicable,Not Applicable,Not Applicable,Not Applicable,Ratio,Two,World Development Indicators (WDI),Annual,Units,Normal value,Public,,,,,,,,,,,,,,,,,,,,,,,,,,,,90.5,90.8,91.1,91.7,91.8,91.6,91.4,91.3,91.4,91.6,91.7,91.5,91.4,91.4,91.0,90.6,90.3,89.8,89.4,89.3,88.7,88.4,88.1,87.7,87.3,87.4,87.3,87.2,87.3,87.4,88.6,88.8,88.7,88.8,88.6,
datastructure,WB.DATA360:DS_DATA360(1.3),I,A,LVA,WB_WDI_SI_POV_UMIC,_T,_T,_T,PT_POP,_Z,_Z,_Z,_Z,RATIO,2,WB_WDI,P1Y,0,A,PU,Annual,Latvia,Poverty headcount ratio at $6.85 a day (2017 PPP) (% of population),Total,All age ranges or no breakdown by age,Total,Percentage of population,Not Applicable,Not Applicable,Not Applicable,Not Applicable,Ratio,Two,World Development Indicators (WDI),Annual,Units,Normal value,Public,,,,,,,,,,,,,,,,,,,,,,,,,,,,,,,48.0,,35.5,37.3,44.6,40.9,,,,24.7,19.4,23.1,20.3,11.1,7.3,9.2,14.0,14.6,13.7,12.5,10.0,8.4,5.7,5.5,5.4,3.6,3.3,2.9,2.4,2.9,2.8,,
datastructure,WB.DATA360:DS_DATA360(1.3),I,A,NIC,WB_WDI_SI_POV_UMIC,_T,_T,_T,PT_POP,_Z,_Z,_Z,_Z,RATIO,2,WB_WDI,P1Y,0,A,PU,Annual,Nicaragua,Poverty headcount ratio at $6.85 a day (2017 PPP) (% of population),Total,All age ranges or no breakdown by age,Total,Percentage of population,Not Applicable,Not Applicable,Not Applicable,Not Applicable,Ratio,Two,World Development Indicators (WDI),Annual,Units,Normal value,Public,,,,,,,,,,,,,,,,,,,,,,,,,,,,,,,82.2,,,,,77.6,,,72.3,,,,65.4,,,,62.1,,,,,46.5,,,,,,,,,,,
datastructure,WB.DATA360:DS_DATA360(1.3),I,A,FSM,WB_WDI_SI_POV_UMIC,_T,_T,_T,PT_POP,_Z,_Z,_Z,_Z,RATIO,2,WB_WDI,P1Y,0,A,PU,Annual,"Micronesia, Fed. Sts.",Poverty headcount ratio at $6.85 a day (2017 PPP) (% of population),Total,All age ranges or no breakdown by age,Total,Percentage of population,Not Applicable,Not Applicable,Not Applicable,Not Applicable,Ratio,Two,World Development Indicators (WDI),Annual,Units,Normal value,Public,,,,,,,,,,,,,,,,,,,,,,,,,,,,,,,,,,,,,,,,,,,64.9,,,,,,,,78.1,,,,,,,,,,,,
datastructure,WB.DATA360:DS_DATA360(1.3),I,A,LBR,WB_WDI_SI_POV_UMIC,_T,_T,_T,PT_POP,_Z,_Z,_Z,_Z,RATIO,2,WB_WDI,P1Y,0,A,PU,Annual,Liberia,Poverty headcount ratio at $6.85 a day (2017 PPP) (% of population),Total,All age ranges or no breakdown by age,Total,Percentage of population,Not Applicable,Not Applicable,Not Applicable,Not Applicable,Ratio,Two,World Development Indicators (WDI),Annual,Units,Normal value,Public,,,,,,,,,,,,,,,,,,,,,,,,,,,,,,,,,,,,,,,,,,,,,96.2,,,,,,,89.6,,88.3,,,,,,,,,
datastructure,WB.DATA360:DS_DATA360(1.3),I,A,VNM,WB_WDI_SI_POV_UMIC,_T,_T,_T,PT_POP,_Z,_Z,_Z,_Z,RATIO,2,WB_WDI,P1Y,0,A,PU,Annual,Vietnam,Poverty headcount ratio at $6.85 a day (2017 PPP) (% of population),Total,All age ranges or no breakdown by age,Total,Percentage of population,Not Applicable,Not Applicable,Not Applicable,Not Applicable,Ratio,Two,World Development Indicators (WDI),Annual,Units,Normal value,Public,,,,,,,,,,,,,,,,,,,,,,,,,,,,,,94.8,,,,,89.9,,,,,89.6,,85.4,,81.8,,79.0,,49.6,,43.2,,37.9,,29.8,,24.2,,20.4,,21.5,,,
datastructure,WB.DATA360:DS_DATA360(1.3),I,A,PRT,WB_WDI_SI_POV_UMIC,_T,_T,_T,PT_POP,_Z,_Z,_Z,_Z,RATIO,2,WB_WDI,P1Y,0,A,PU,Annual,Portugal,Poverty headcount ratio at $6.85 a day (2017 PPP) (% of population),Total,All age ranges or no breakdown by age,Total,Percentage of population,Not Applicable,Not Applicable,Not Applicable,Not Applicable,Ratio,Two,World Development Indicators (WDI),Annual,Units,Normal value,Public,,,,,,,,,,,,,,,,,,,,,,,,,,,,,,,,,,,,,,,,,4.9,4.2,3.9,3.7,3.1,3.7,3.0,3.1,4.8,6.5,6.9,5.9,4.4,4.4,3.0,2.7,1.9,2.9,1.9,2.8,2.2,,
datastructure,WB.DATA360:DS_DATA360(1.3),I,A,MWI,WB_WDI_SI_POV_UMIC,_T,_T,_T,PT_POP,_Z,_Z,_Z,_Z,RATIO,2,WB_WDI,P1Y,0,A,PU,Annual,Malawi,Poverty headcount ratio at $6.85 a day (2017 PPP) (% of population),Total,All age ranges or no breakdown by age,Total,Percentage of population,Not Applicable,Not Applicable,Not Applicable,Not Applicable,Ratio,Two,World Development Indicators (WDI),Annual,Units,Normal value,Public,,,,,,,,,,,,,,,,,,,,,,,,,,,,,,,,,,,93.4,,,,,,,96.9,,,,,,96.1,,,,,,96.5,,,97.1,,,,,,
datastructure,WB.DATA360:DS_DATA360(1.3),I,A,LCA,WB_WDI_SI_POV_UMIC,_T,_T,_T,PT_POP,_Z,_Z,_Z,_Z,RATIO,2,WB_WDI,P1Y,0,A,PU,Annual,St. Lucia,Poverty headcount ratio at $6.85 a day (2017 PPP) (% of population),Total,All age ranges or no breakdown by age,Total,Percentage of population,Not Applicable,Not Applicable,Not Applicable,Not Applicable,Ratio,Two,World Development Indicators (WDI),Annual,Units,Normal value,Public,,,,,,,,,,,,,,,,,,,,,,,,,,,,,,,,,87.9,,,,,,,,,,,,,,,,,,,,7.8,,,,,,,,,,
datastructure,WB.DATA360:DS_DATA360(1.3),I,A,GBR,WB_WDI_SI_POV_UMIC,_T,_T,_T,PT_POP,_Z,_Z,_Z,_Z,RATIO,2,WB_WDI,P1Y,0,A,PU,Annual,United Kingdom,Poverty headcount ratio at $6.85 a day (2017 PPP) (% of population),Total,All age ranges or no breakdown by age,Total,Percentage of population,Not Applicable,Not Applicable,Not Applicable,Not Applicable,Ratio,Two,World Development Indicators (WDI),Annual,Units,Normal value,Public,,,,,,1.1,1.7,1.5,1.9,2.4,1.0,1.4,1.4,1.2,1.4,0.9,0.9,1.1,1.2,0.7,0.8,0.9,0.8,1.1,0.6,0.6,0.8,0.9,0.9,1.0,1.0,1.1,1.0,0.7,0.8,0.8,0.8,0.7,0.8,0.9,0.8,0.6,0.7,0.7,0.7,0.8,0.7,0.8,0.7,0.7,0.6,0.6,0.7,0.8,0.8,0.8,0.9,0.9,0.9,,,,
datastructure,WB.DATA360:DS_DATA360(1.3),I,A,EGY,WB_WDI_SI_POV_UMIC,_T,_T,_T,PT_POP,_Z,_Z,_Z,_Z,RATIO,2,WB_WDI,P1Y,0,A,PU,Annual,"Egypt, Arab Rep.",Poverty headcount ratio at $6.85 a day (2017 PPP) (% of population),Total,All age ranges or no breakdown by age,Total,Percentage of population,Not Applicable,Not Applicable,Not Applicable,Not Applicable,Ratio,Two,World Development Indicators (WDI),Annual,Units,Normal value,Public,,,,,,,,,,,,,,,,,,,,,,,,,,,,73.9,,,,,77.1,,,,64.0,,,,,72.4,,,,71.8,,63.5,,60.6,,,56.8,,66.8,,62.2,,58.5,,,,
datastructure,WB.DATA360:DS_DATA360(1.3),I,A,UMC,WB_WDI_SI_POV_UMIC,_T,_T,_T,PT_POP,_Z,_Z,_Z,_Z,RATIO,2,WB_WDI,P1Y,0,A,PU,Annual,Upper middle income,Poverty headcount ratio at $6.85 a day (2017 PPP) (% of population),Total,All age ranges or no breakdown by age,Total,Percentage of population,Not Applicable,Not Applicable,Not Applicable,Not Applicable,Ratio,Two,World Development Indicators (WDI),Annual,Units,Normal value,Public,,,,,,,,,,,,,,,,,,,85.8,85.7,86.1,85.9,85.6,84.4,85.0,85.1,84.7,84.8,85.0,85.1,84.8,84.2,83.2,82.6,82.2,81.8,81.7,79.9,78.7,76.9,75.4,72.8,70.1,67.6,64.8,62.7,60.6,57.3,54.2,51.3,47.5,44.9,42.4,40.0,38.1,35.7,33.9,34.5,30.4,30.0,27.8,26.4,
datastructure,WB.DATA360:DS_DATA360(1.3),I,A,YEM,WB_WDI_SI_POV_UMIC,_T,_T,_T,PT_POP,_Z,_Z,_Z,_Z,RATIO,2,WB_WDI,P1Y,0,A,PU,Annual,"Yemen, Rep.",Poverty headcount ratio at $6.85 a day (2017 PPP) (% of population),Total,All age ranges or no breakdown by age,Total,Percentage of population,Not Applicable,Not Applicable,Not Applicable,Not Applicable,Ratio,Two,World Development Indicators (WDI),Annual,Units,Normal value,Public,,,,,,,,,,,,,,,,,,,,,,,,,,,,,,,,,,,,72.1,,,,,,,85.7,,,,,,,,,88.0,,,,,,,,,,,
datastructure,WB.DATA360:DS_DATA360(1.3),I,A,NRU,WB_WDI_SI_POV_UMIC,_T,_T,_T,PT_POP,_Z,_Z,_Z,_Z,RATIO,2,WB_WDI,P1Y,0,A,PU,Annual,Nauru,Poverty headcount ratio at $6.85 a day (2017 PPP) (% of population),Total,All age ranges or no breakdown by age,Total,Percentage of population,Not Applicable,Not Applicable,Not Applicable,Not Applicable,Ratio,Two,World Development Indicators (WDI),Annual,Units,Normal value,Public,,,,,,,,,,,,,,,,,,,,,,,,,,,,,,,,,,,,,,,,,,,,,,,,,,68.5,,,,,,,,,,,,,
datastructure,WB.DATA360:DS_DATA360(1.3),I,A,LCN,WB_WDI_SI_POV_UMIC,_T,_T,_T,PT_POP,_Z,_Z,_Z,_Z,RATIO,2,WB_WDI,P1Y,0,A,PU,Annual,Latin America & Caribbean,Poverty headcount ratio at $6.85 a day (2017 PPP) (% of population),Total,All age ranges or no breakdown by age,Total,Percentage of population,Not Applicable,Not Applicable,Not Applicable,Not Applicable,Ratio,Two,World Development Indicators (WDI),Annual,Units,Normal value,Public,,,,,,,,,,,,,,,,,,,56.1,56.6,59.7,59.5,58.2,52.2,55.5,55.9,55.6,57.4,57.1,57.5,57.2,56.0,55.1,55.9,54.9,54.3,55.1,53.1,52.5,52.7,52.0,50.6,48.0,44.4,42.3,40.3,40.0,38.1,36.1,34.9,33.9,33.3,31.6,31.4,31.0,30.5,30.2,30.5,31.0,28.0,26.5,24.7,
datastructure,WB.DATA360:DS_DATA360(1.3),I,A,CHL,WB_WDI_SI_POV_UMIC,_T,_T,_T,PT_POP,_Z,_Z,_Z,_Z,RATIO,2,WB_WDI,P1Y,0,A,PU,Annual,Chile,Poverty headcount ratio at $6.85 a day (2017 PPP) (% of population),Total,All age ranges or no breakdown by age,Total,Percentage of population,Not Applicable,Not Applicable,Not Applicable,Not Applicable,Ratio,Two,World Development Indicators (WDI),Annual,Units,Normal value,Public,,,,,,,,,,,,,,,,,,,,,,,,,64.4,,,58.5,,53.3,,49.8,,44.6,,41.6,,44.5,,,43.2,,,32.0,,,27.6,,23.5,,14.4,,11.7,,9.0,,,11.3,,6.1,,4.5,
datastructure,WB.DATA360:DS_DATA360(1.3),I,A,LUX,WB_WDI_SI_POV_UMIC,_T,_T,_T,PT_POP,_Z,_Z,_Z,_Z,RATIO,2,WB_WDI,P1Y,0,A,PU,Annual,Luxembourg,Poverty headcount ratio at $6.85 a day (2017 PPP) (% of population),Total,All age ranges or no breakdown by age,Total,Percentage of population,Not Applicable,Not Applicable,Not Applicable,Not Applicable,Ratio,Two,World Development Indicators (WDI),Annual,Units,Normal value,Public,,,,,,,,,,,,,,,,,,,,,,,0.2,0.1,0.2,0.0,0.0,0.0,0.0,0.0,0.0,0.1,0.1,0.1,0.1,0.1,0.0,0.0,0.0,0.1,0.5,0.1,0.1,0.1,0.0,0.2,0.3,0.3,0.2,0.3,0.3,0.3,0.8,0.6,1.1,0.8,0.3,0.0,0.5,0.2,0.2,,
datastructure,WB.DATA360:DS_DATA360(1.3),I,A,CRI,WB_WDI_SI_POV_UMIC,_T,_T,_T,PT_POP,_Z,_Z,_Z,_Z,RATIO,2,WB_WDI,P1Y,0,A,PU,Annual,Costa Rica,Poverty headcount ratio at $6.85 a day (2017 PPP) (% of population),Total,All age ranges or no breakdown by age,Total,Percentage of population,Not Applicable,Not Applicable,Not Applicable,Not Applicable,Ratio,Two,World Development Indicators (WDI),Annual,Units,Normal value,Public,,,,,,,,,,,,,,,,,,,75.0,,,,,69.8,,,51.9,51.2,55.8,53.0,45.9,41.8,41.9,45.9,42.7,37.3,41.3,41.4,32.1,31.8,30.4,32.2,29.6,29.4,24.3,23.3,22.8,18.8,19.8,18.4,18.4,18.3,17.5,17.0,15.8,16.5,16.7,23.3,17.8,17.1,15.3,12.6,9.7
datastructure,WB.DATA360:DS_DATA360(1.3),I,A,MNE,WB_WDI_SI_POV_UMIC,_T,_T,_T,PT_POP,_Z,_Z,_Z,_Z,RATIO,2,WB_WDI,P1Y,0,A,PU,Annual,Montenegro,Poverty headcount ratio at $6.85 a day (2017 PPP) (% of population),Total,All age ranges or no breakdown by age,Total,Percentage of population,Not Applicable,Not Applicable,Not Applicable,Not Applicable,Ratio,Two,World Development Indicators (WDI),Annual,Units,Normal value,Public,,,,,,,,,,,,,,,,,,,,,,,,,,,,,,,,,,,,,,,,,,,16.4,16.3,9.5,6.4,7.5,10.0,12.0,29.5,28.2,25.9,24.6,20.1,19.2,21.1,17.6,17.6,14.5,,,,
datastructure,WB.DATA360:DS_DATA360(1.3),I,A,AZE,WB_WDI_SI_POV_UMIC,_T,_T,_T,PT_POP,_Z,_Z,_Z,_Z,RATIO,2,WB_WDI,P1Y,0,A,PU,Annual,Azerbaijan,Poverty headcount ratio at $6.85 a day (2017 PPP) (% of population),Total,All age ranges or no breakdown by age,Total,Percentage of population,Not Applicable,Not Applicable,Not Applicable,Not Applicable,Ratio,Two,World Development Indicators (WDI),Annual,Units,Normal value,Public,,,,,,,,,,,,,,,,,,,,,,,,,,,,,,,,,80.2,,,,,,73.1,53.7,48.8,47.7,35.9,,,,,,,,,,,,,,,,,,,,
datastructure,WB.DATA360:DS_DATA360(1.3),I,A,RUS,WB_WDI_SI_POV_UMIC,_T,_T,_T,PT_POP,_Z,_Z,_Z,_Z,RATIO,2,WB_WDI,P1Y,0,A,PU,Annual,Russian Federation,Poverty headcount ratio at $6.85 a day (2017 PPP) (% of population),Total,All age ranges or no breakdown by age,Total,Percentage of population,Not Applicable,Not Applicable,Not Applicable,Not Applicable,Ratio,Two,World Development Indicators (WDI),Annual,Units,Normal value,Public,,,,,,,,,,,,,,,,,,,,,,,,,,,,,,,35.8,,,35.5,32.2,38.3,50.7,45.0,38.4,33.1,31.1,27.8,23.9,20.1,15.2,10.6,10.3,8.1,7.1,6.4,5.7,3.2,3.9,4.0,3.7,2.8,3.0,2.0,2.2,1.4,0.9,,
datastructure,WB.DATA360:DS_DATA360(1.3),I,A,ECU,WB_WDI_SI_POV_UMIC,_T,_T,_T,PT_POP,_Z,_Z,_Z,_Z,RATIO,2,WB_WDI,P1Y,0,A,PU,Annual,Ecuador,Poverty headcount ratio at $6.85 a day (2017 PPP) (% of population),Total,All age ranges or no breakdown by age,Total,Percentage of population,Not Applicable,Not Applicable,Not Applicable,Not Applicable,Ratio,Two,World Development Indicators (WDI),Annual,Units,Normal value,Public,,,,,,,,,,,,,,,,,,,,,,,,,60.8,,,,,,,65.9,65.3,,,65.0,68.6,76.6,,,58.7,59.7,51.9,46.8,45.9,43.4,44.4,39.7,35.9,32.6,32.5,28.7,29.8,29.3,28.3,28.9,30.6,36.0,33.5,30.9,30.8,32.6,30.1
datastructure,WB.DATA360:DS_DATA360(1.3),I,A,TON,WB_WDI_SI_POV_UMIC,_T,_T,_T,PT_POP,_Z,_Z,_Z,_Z,RATIO,2,WB_WDI,P1Y,0,A,PU,Annual,Tonga,Poverty headcount ratio at $6.85 a day (2017 PPP) (% of population),Total,All age ranges or no breakdown by age,Total,Percentage of population,Not Applicable,Not Applicable,Not Applicable,Not Applicable,Ratio,Two,World Development Indicators (WDI),Annual,Units,Normal value,Public,,,,,,,,,,,,,,,,,,,,,,,,,,,,,,,,,,,,,,40.5,,,,,,,,,45.4,,,,,,55.3,,,,,,26.7,,,,
datastructure,WB.DATA360:DS_DATA360(1.3),I,A,MEA,WB_WDI_SI_POV_UMIC,_T,_T,_T,PT_POP,_Z,_Z,_Z,_Z,RATIO,2,WB_WDI,P1Y,0,A,PU,Annual,"Middle East, North Africa, Afghanistan & Pakistan",Poverty headcount ratio at $6.85 a day (2017 PPP) (% of population),Total,All age ranges or no breakdown by age,Total,Percentage of population,Not Applicable,Not Applicable,Not Applicable,Not Applicable,Ratio,Two,World Development Indicators (WDI),Annual,Units,Normal value,Public,,,,,,,,,,,,,,,,,,,,,,74.9,74.5,74.8,75.3,75.2,75.7,74.3,74.8,73.8,73.6,73.3,73.4,72.4,71.3,69.3,68.5,67.6,67.8,67.7,67.9,65.3,64.9,64.4,63.7,62.8,62.1,61.3,60.7,59.9,60.2,60.0,59.1,59.2,59.1,59.5,59.9,61.5,60.9,59.7,59.3,59.0,
datastructure,WB.DATA360:DS_DATA360(1.3),I,A,ECS,WB_WDI_SI_POV_UMIC,_T,_T,_T,PT_POP,_Z,_Z,_Z,_Z,RATIO,2,WB_WDI,P1Y,0,A,PU,Annual,Europe & Central Asia,Poverty headcount ratio at $6.85 a day (2017 PPP) (% of population),Total,All age ranges or no breakdown by age,Total,Percentage of population,Not Applicable,Not Applicable,Not Applicable,Not Applicable,Ratio,Two,World Development Indicators (WDI),Annual,Units,Normal value,Public,,,,,,,,,,,,,,,,,,,,,,,,,,20.4,20.3,20.9,22.4,24.8,28.2,30.4,27.2,29.3,27.8,27.9,31.8,29.8,28.1,26.4,25.5,22.7,20.7,18.6,16.4,14.1,14.4,13.7,12.9,12.7,10.7,10.6,10.9,10.5,9.7,8.9,8.5,8.1,7.1,6.8,5.3,4.8,
datastructure,WB.DATA360:DS_DATA360(1.3),I,A,HND,WB_WDI_SI_POV_UMIC,_T,_T,_T,PT_POP,_Z,_Z,_Z,_Z,RATIO,2,WB_WDI,P1Y,0,A,PU,Annual,Honduras,Poverty headcount ratio at $6.85 a day (2017 PPP) (% of population),Total,All age ranges or no breakdown by age,Total,Percentage of population,Not Applicable,Not Applicable,Not Applicable,Not Applicable,Ratio,Two,World Development Indicators (WDI),Annual,Units,Normal value,Public,,,,,,,,,,,,,,,,,,,,,,,,,,,83.4,85.2,82.1,79.7,73.9,73.6,75.1,77.0,69.9,69.1,70.8,,59.9,65.8,69.1,67.9,66.1,60.8,58.5,55.6,52.9,55.5,56.2,61.0,59.1,58.2,58.0,55.4,56.4,56.1,54.5,,,,53.3,49.8,
datastructure,WB.DATA360:DS_DATA360(1.3),I,A,DNK,WB_WDI_SI_POV_UMIC,_T,_T,_T,PT_POP,_Z,_Z,_Z,_Z,RATIO,2,WB_WDI,P1Y,0,A,PU,Annual,Denmark,Poverty headcount ratio at $6.85 a day (2017 PPP) (% of population),Total,All age ranges or no breakdown by age,Total,Percentage of population,Not Applicable,Not Applicable,Not Applicable,Not Applicable,Ratio,Two,World Development Indicators (WDI),Annual,Units,Normal value,Public,,,,,,,,,,,,,,,,,,,,,,,,,1.4,,,,,1.2,,,0.2,,,,,0.2,,,0.5,0.4,0.5,0.3,0.6,0.8,1.1,0.3,0.6,0.9,0.8,0.9,0.5,0.5,0.3,0.3,0.5,0.5,0.3,0.8,0.6,,
datastructure,WB.DATA360:DS_DATA360(1.3),I,A,BEL,WB_WDI_SI_POV_UMIC,_T,_T,_T,PT_POP,_Z,_Z,_Z,_Z,RATIO,2,WB_WDI,P1Y,0,A,PU,Annual,Belgium,Poverty headcount ratio at $6.85 a day (2017 PPP) (% of population),Total,All age ranges or no breakdown by age,Total,Percentage of population,Not Applicable,Not Applicable,Not Applicable,Not Applicable,Ratio,Two,World Development Indicators (WDI),Annual,Units,Normal value,Public,,,,,,,,,,,,,,,,,,,,,,,0.8,,,0.8,,,,1.2,,,1.1,,1.0,,,0.9,,,0.9,0.4,0.6,0.4,0.4,0.3,0.3,0.5,0.6,0.5,0.5,0.3,0.2,0.3,0.4,0.2,0.2,0.3,0.3,0.2,0.3,,
datastructure,WB.DATA360:DS_DATA360(1.3),I,A,COL,WB_WDI_SI_POV_UMIC,_T,_T,_T,PT_POP,_Z,_Z,_Z,_Z,RATIO,2,WB_WDI,P1Y,0,A,PU,Annual,Colombia,Poverty headcount ratio at $6.85 a day (2017 PPP) (% of population),Total,All age ranges or no breakdown by age,Total,Percentage of population,Not Applicable,Not Applicable,Not Applicable,Not Applicable,Ratio,Two,World Development Indicators (WDI),Annual,Units,Normal value,Public,,,,,,,,,,,,,,,,,,65.3,,,,,,,,59.4,60.7,,57.6,60.3,,,,66.7,,,69.2,65.4,71.5,62.5,63.3,62.4,59.1,,,53.2,52.2,50.0,47.0,46.3,44.1,41.9,41.3,41.4,41.0,41.1,41.8,48.6,44.0,40.2,39.1,37.0,
datastructure,WB.DATA360:DS_DATA360(1.3),I,A,TZA,WB_WDI_SI_POV_UMIC,_T,_T,_T,PT_POP,_Z,_Z,_Z,_Z,RATIO,2,WB_WDI,P1Y,0,A,PU,Annual,Tanzania,Poverty headcount ratio at $6.85 a day (2017 PPP) (% of population),Total,All age ranges or no breakdown by age,Total,Percentage of population,Not Applicable,Not Applicable,Not Applicable,Not Applicable,Ratio,Two,World Development Indicators (WDI),Annual,Units,Normal value,Public,,,,,,,,,,,,,,,,,,,,,,,,,,,,,98.0,,,,,,,,,99.4,,,,,,,94.7,,,,92.9,,,,,,,91.5,,,,,,,
datastructure,WB.DATA360:DS_DATA360(1.3),I,A,TCD,WB_WDI_SI_POV_UMIC,_T,_T,_T,PT_POP,_Z,_Z,_Z,_Z,RATIO,2,WB_WDI,P1Y,0,A,PU,Annual,Chad,Poverty headcount ratio at $6.85 a day (2017 PPP) (% of population),Total,All age ranges or no breakdown by age,Total,Percentage of population,Not Applicable,Not Applicable,Not Applicable,Not Applicable,Ratio,Two,World Development Indicators (WDI),Annual,Units,Normal value,Public,,,,,,,,,,,,,,,,,,,,,,,,,,,,,,,,,,,,,,,,,96.2,,,,,,,,88.5,,,,,,,90.1,,,,89.5,,,
datastructure,WB.DATA360:DS_DATA360(1.3),I,A,JOR,WB_WDI_SI_POV_UMIC,_T,_T,_T,PT_POP,_Z,_Z,_Z,_Z,RATIO,2,WB_WDI,P1Y,0,A,PU,Annual,Jordan,Poverty headcount ratio at $6.85 a day (2017 PPP) (% of population),Total,All age ranges or no breakdown by age,Total,Percentage of population,Not Applicable,Not Applicable,Not Applicable,Not Applicable,Ratio,Two,World Development Indicators (WDI),Annual,Units,Normal value,Public,,,,,,,,,,,,,,,,,,,,,,,,21.2,,,,,,41.9,,,,,42.6,,,,,32.7,,,,22.4,,20.4,,15.3,,,,,,,,,,,,,,,
datastructure,WB.DATA360:DS_DATA360(1.3),I,A,PNG,WB_WDI_SI_POV_UMIC,_T,_T,_T,PT_POP,_Z,_Z,_Z,_Z,RATIO,2,WB_WDI,P1Y,0,A,PU,Annual,Papua New Guinea,Poverty headcount ratio at $6.85 a day (2017 PPP) (% of population),Total,All age ranges or no breakdown by age,Total,Percentage of population,Not Applicable,Not Applicable,Not Applicable,Not Applicable,Ratio,Two,World Development Indicators (WDI),Annual,Units,Normal value,Public,,,,,,,,,,,,,,,,,,,,,,,,,,,,,,,,,,92.1,,,,,,,,,,,,,92.1,,,,,,,,,,,,,,,,
datastructure,WB.DATA360:DS_DATA360(1.3),I,A,SWZ,WB_WDI_SI_POV_UMIC,_T,_T,_T,PT_POP,_Z,_Z,_Z,_Z,RATIO,2,WB_WDI,P1Y,0,A,PU,Annual,Eswatini,Poverty headcount ratio at $6.85 a day (2017 PPP) (% of population),Total,All age ranges or no breakdown by age,Total,Percentage of population,Not Applicable,Not Applicable,Not Applicable,Not Applicable,Ratio,Two,World Development Indicators (WDI),Annual,Units,Normal value,Public,,,,,,,,,,,,,,,,,,,,,,,,,,,,,,,,98.0,,,,,,90.4,,,,,,,,,88.1,,,,,,,79.3,,,,,,,,,
datastructure,WB.DATA360:DS_DATA360(1.3),I,A,EST,WB_WDI_SI_POV_UMIC,_T,_T,_T,PT_POP,_Z,_Z,_Z,_Z,RATIO,2,WB_WDI,P1Y,0,A,PU,Annual,Estonia,Poverty headcount ratio at $6.85 a day (2017 PPP) (% of population),Total,All age ranges or no breakdown by age,Total,Percentage of population,Not Applicable,Not Applicable,Not Applicable,Not Applicable,Ratio,Two,World Development Indicators (WDI),Annual,Units,Normal value,Public,,,,,,,,,,,,,,,,,,,,,,,,,,,,,,,38.2,,40.2,,,34.1,,35.9,38.5,36.0,20.7,14.6,10.1,6.3,4.1,4.1,5.0,7.2,6.1,5.2,5.3,5.0,2.9,2.4,1.8,1.3,1.7,1.6,1.0,2.0,1.3,,
datastructure,WB.DATA360:DS_DATA360(1.3),I,A,GEO,WB_WDI_SI_POV_UMIC,_T,_T,_T,PT_POP,_Z,_Z,_Z,_Z,RATIO,2,WB_WDI,P1Y,0,A,PU,Annual,Georgia,Poverty headcount ratio at $6.85 a day (2017 PPP) (% of population),Total,All age ranges or no breakdown by age,Total,Percentage of population,Not Applicable,Not Applicable,Not Applicable,Not Applicable,Ratio,Two,World Development Indicators (WDI),Annual,Units,Normal value,Public,,,,,,,,,,,,,,,,,,,,,,,,,,,,,,,,,,60.0,79.5,79.9,84.6,86.0,87.7,78.7,78.3,77.0,77.3,78.5,79.8,76.6,76.7,76.7,75.6,72.1,66.6,64.8,63.1,64.0,61.5,62.0,62.5,66.4,64.6,56.6,49.1,45.6,
datastructure,WB.DATA360:DS_DATA360(1.3),I,A,DJI,WB_WDI_SI_POV_UMIC,_T,_T,_T,PT_POP,_Z,_Z,_Z,_Z,RATIO,2,WB_WDI,P1Y,0,A,PU,Annual,Djibouti,Poverty headcount ratio at $6.85 a day (2017 PPP) (% of population),Total,All age ranges or no breakdown by age,Total,Percentage of population,Not Applicable,Not Applicable,Not Applicable,Not Applicable,Ratio,Two,World Development Indicators (WDI),Annual,Units,Normal value,Public,,,,,,,,,,,,,,,,,,,,,,,,,,,,,,,,,,,,,,,,84.3,,,,,,,,,,77.5,81.7,,,,80.8,,,,,,,,
datastructure,WB.DATA360:DS_DATA360(1.3),I,A,PSE,WB_WDI_SI_POV_UMIC,_T,_T,_T,PT_POP,_Z,_Z,_Z,_Z,RATIO,2,WB_WDI,P1Y,0,A,PU,Annual,West Bank and Gaza,Poverty headcount ratio at $6.85 a day (2017 PPP) (% of population),Total,All age ranges or no breakdown by age,Total,Percentage of population,Not Applicable,Not Applicable,Not Applicable,Not Applicable,Ratio,Two,World Development Indicators (WDI),Annual,Units,Normal value,Public,,,,,,,,,,,,,,,,,,,,,,,,,,,,,,,,,,,,,,,,,,31.5,30.0,29.0,35.6,,25.9,27.0,25.7,,,,,27.7,,,,,,,28.6,,
datastructure,WB.DATA360:DS_DATA360(1.3),I,A,CAF,WB_WDI_SI_POV_UMIC,_T,_T,_T,PT_POP,_Z,_Z,_Z,_Z,RATIO,2,WB_WDI,P1Y,0,A,PU,Annual,Central African Republic,Poverty headcount ratio at $6.85 a day (2017 PPP) (% of population),Total,All age ranges or no breakdown by age,Total,Percentage of population,Not Applicable,Not Applicable,Not Applicable,Not Applicable,Ratio,Two,World Development Indicators (WDI),Annual,Units,Normal value,Public,,,,,,,,,,,,,,,,,,,,,,,,,,,,,,96.7,,,,,,,,,,,,,,,,92.4,,,,,,,,,,,,,96.1,,,,
datastructure,WB.DATA360:DS_DATA360(1.3),I,A,CZE,WB_WDI_SI_POV_UMIC,_T,_T,_T,PT_POP,_Z,_Z,_Z,_Z,RATIO,2,WB_WDI,P1Y,0,A,PU,Annual,Czechia,Poverty headcount ratio at $6.85 a day (2017 PPP) (% of population),Total,All age ranges or no breakdown by age,Total,Percentage of population,Not Applicable,Not Applicable,Not Applicable,Not Applicable,Ratio,Two,World Development Indicators (WDI),Annual,Units,Normal value,Public,,,,,,,,,,,,,,,,,,,,,,,,,,,,,,1.0,0.0,,,2.0,,,,,,1.2,,1.9,1.1,1.0,0.8,0.9,1.0,1.1,0.9,1.1,0.8,1.1,0.7,0.8,0.5,0.4,0.3,0.5,0.3,0.6,0.8,,
datastructure,WB.DATA360:DS_DATA360(1.3),I,A,GAB,WB_WDI_SI_POV_UMIC,_T,_T,_T,PT_POP,_Z,_Z,_Z,_Z,RATIO,2,WB_WDI,P1Y,0,A,PU,Annual,Gabon,Poverty headcount ratio at $6.85 a day (2017 PPP) (% of population),Total,All age ranges or no breakdown by age,Total,Percentage of population,Not Applicable,Not Applicable,Not Applicable,Not Applicable,Ratio,Two,World Development Indicators (WDI),Annual,Units,Normal value,Public,,,,,,,,,,,,,,,,,,,,,,,,,,,,,,,,,,,,,,,,,,,56.9,,,,,,,,,,,,32.9,,,,,,,,
datastructure,WB.DATA360:DS_DATA360(1.3),I,A,NER,WB_WDI_SI_POV_UMIC,_T,_T,_T,PT_POP,_Z,_Z,_Z,_Z,RATIO,2,WB_WDI,P1Y,0,A,PU,Annual,Niger,Poverty headcount ratio at $6.85 a day (2017 PPP) (% of population),Total,All age ranges or no breakdown by age,Total,Percentage of population,Not Applicable,Not Applicable,Not Applicable,Not Applicable,Ratio,Two,World Development Indicators (WDI),Annual,Units,Normal value,Public,,,,,,,,,,,,,,,,,,,,,,,,,,,,,,98.9,,98.9,,,,,,,,,,,98.1,,97.8,,,,97.5,,,96.3,,,,94.7,,,96.1,,,,
datastructure,WB.DATA360:DS_DATA360(1.3),I,A,ZMB,WB_WDI_SI_POV_UMIC,_T,_T,_T,PT_POP,_Z,_Z,_Z,_Z,RATIO,2,WB_WDI,P1Y,0,A,PU,Annual,Zambia,Poverty headcount ratio at $6.85 a day (2017 PPP) (% of population),Total,All age ranges or no breakdown by age,Total,Percentage of population,Not Applicable,Not Applicable,Not Applicable,Not Applicable,Ratio,Two,World Development Indicators (WDI),Annual,Units,Normal value,Public,,,,,,,,,,,,,,,,,,,,,,,,,,,,,90.0,,92.8,,,90.2,,90.6,,,,95.7,,92.7,,93.3,,,,93.5,,,,,92.0,,,,,,,94.0,,,
datastructure,WB.DATA360:DS_DATA360(1.3),I,A,BLR,WB_WDI_SI_POV_UMIC,_T,_T,_T,PT_POP,_Z,_Z,_Z,_Z,RATIO,2,WB_WDI,P1Y,0,A,PU,Annual,Belarus,Poverty headcount ratio at $6.85 a day (2017 PPP) (% of population),Total,All age ranges or no breakdown by age,Total,Percentage of population,Not Applicable,Not Applicable,Not Applicable,Not Applicable,Ratio,Two,World Development Indicators (WDI),Annual,Units,Normal value,Public,,,,,,,,,,,,,,,,,,,,,,,,,,,,,,,81.3,,46.5,,,93.4,92.2,89.4,80.5,76.1,73.3,64.5,47.2,36.7,28.2,24.0,22.3,18.0,14.6,9.2,5.8,5.4,6.8,7.4,6.2,4.3,3.9,2.6,,,,,
datastructure,WB.DATA360:DS_DATA360(1.3),I,A,SUR,WB_WDI_SI_POV_UMIC,_T,_T,_T,PT_POP,_Z,_Z,_Z,_Z,RATIO,2,WB_WDI,P1Y,0,A,PU,Annual,Suriname,Poverty headcount ratio at $6.85 a day (2017 PPP) (% of population),Total,All age ranges or no breakdown by age,Total,Percentage of population,Not Applicable,Not Applicable,Not Applicable,Not Applicable,Ratio,Two,World Development Indicators (WDI),Annual,Units,Normal value,Public,,,,,,,,,,,,,,,,,,,,,,,,,,,,,,,,,,,,,46.9,,,,,,,,,,,,,,,,,,,,,,,20.9,,,
datastructure,WB.DATA360:DS_DATA360(1.3),I,A,NLD,WB_WDI_SI_POV_UMIC,_T,_T,_T,PT_POP,_Z,_Z,_Z,_Z,RATIO,2,WB_WDI,P1Y,0,A,PU,Annual,Netherlands,Poverty headcount ratio at $6.85 a day (2017 PPP) (% of population),Total,All age ranges or no breakdown by age,Total,Percentage of population,Not Applicable,Not Applicable,Not Applicable,Not Applicable,Ratio,Two,World Development Indicators (WDI),Annual,Units,Normal value,Public,,,,,,,,,,,,,,,,,,,,,3.1,,,,0.7,,,1.8,,,3.1,,,,,,0.6,,,,,0.8,0.5,0.3,0.4,0.6,0.4,0.2,0.4,0.3,0.3,0.4,0.4,0.4,0.4,0.4,0.4,0.3,0.3,,,,
datastructure,WB.DATA360:DS_DATA360(1.3),I,A,FJI,WB_WDI_SI_POV_UMIC,_T,_T,_T,PT_POP,_Z,_Z,_Z,_Z,RATIO,2,WB_WDI,P1Y,0,A,PU,Annual,Fiji,Poverty headcount ratio at $6.85 a day (2017 PPP) (% of population),Total,All age ranges or no breakdown by age,Total,Percentage of population,Not Applicable,Not Applicable,Not Applicable,Not Applicable,Ratio,Two,World Development Indicators (WDI),Annual,Units,Normal value,Public,,,,,,,,,,,,,,,,,,,,,,,,,,,,,,,,,,,,,,,,52.4,,,,,,48.9,,,,,46.7,,,,,,61.3,,,,,,
datastructure,WB.DATA360:DS_DATA360(1.3),I,A,KIR,WB_WDI_SI_POV_UMIC,_T,_T,_T,PT_POP,_Z,_Z,_Z,_Z,RATIO,2,WB_WDI,P1Y,0,A,PU,Annual,Kiribati,Poverty headcount ratio at $6.85 a day (2017 PPP) (% of population),Total,All age ranges or no breakdown by age,Total,Percentage of population,Not Applicable,Not Applicable,Not Applicable,Not Applicable,Ratio,Two,World Development Indicators (WDI),Annual,Units,Normal value,Public,,,,,,,,,,,,,,,,,,,,,,,,,,,,,,,,,,,,,,,,,,,,82.7,,,,,,,,,,,,,74.9,,,,52.0,,
datastructure,WB.DATA360:DS_DATA360(1.3),I,A,ROU,WB_WDI_SI_POV_UMIC,_T,_T,_T,PT_POP,_Z,_Z,_Z,_Z,RATIO,2,WB_WDI,P1Y,0,A,PU,Annual,Romania,Poverty headcount ratio at $6.85 a day (2017 PPP) (% of population),Total,All age ranges or no breakdown by age,Total,Percentage of population,Not Applicable,Not Applicable,Not Applicable,Not Applicable,Ratio,Two,World Development Indicators (WDI),Annual,Units,Normal value,Public,,,,,,,,,,,,,,,,,,,,,,,,,,,5.9,,,24.4,,87.6,44.4,,51.1,49.9,77.2,79.5,73.2,70.9,66.9,58.5,54.3,46.1,39.9,32.7,31.3,33.6,36.8,36.9,36.4,32.7,30.9,24.0,17.9,14.3,11.9,10.8,7.7,8.6,5.1,,
datastructure,WB.DATA360:DS_DATA360(1.3),I,A,MDG,WB_WDI_SI_POV_UMIC,_T,_T,_T,PT_POP,_Z,_Z,_Z,_Z,RATIO,2,WB_WDI,P1Y,0,A,PU,Annual,Madagascar,Poverty headcount ratio at $6.85 a day (2017 PPP) (% of population),Total,All age ranges or no breakdown by age,Total,Percentage of population,Not Applicable,Not Applicable,Not Applicable,Not Applicable,Ratio,Two,World Development Indicators (WDI),Annual,Units,Normal value,Public,,,,,,,,,,,,,,,,,,93.2,,,,,,,,,,,,,98.1,,,,98.6,,98.5,,89.1,,,,93.1,,,,,94.2,,94.5,,,,,,,,,96.6,,,,
datastructure,WB.DATA360:DS_DATA360(1.3),I,A,LBN,WB_WDI_SI_POV_UMIC,_T,_T,_T,PT_POP,_Z,_Z,_Z,_Z,RATIO,2,WB_WDI,P1Y,0,A,PU,Annual,Lebanon,Poverty headcount ratio at $6.85 a day (2017 PPP) (% of population),Total,All age ranges or no breakdown by age,Total,Percentage of population,Not Applicable,Not Applicable,Not Applicable,Not Applicable,Ratio,Two,World Development Indicators (WDI),Annual,Units,Normal value,Public,,,,,,,,,,,,,,,,,,,,,,,,,,,,,,,,,,,,,,,,,,,,,,,,,5.5,,,,,,,,,,,50.7,,,
datastructure,WB.DATA360:DS_DATA360(1.3),I,A,GRC,WB_WDI_SI_POV_UMIC,_T,_T,_T,PT_POP,_Z,_Z,_Z,_Z,RATIO,2,WB_WDI,P1Y,0,A,PU,Annual,Greece,Poverty headcount ratio at $6.85 a day (2017 PPP) (% of population),Total,All age ranges or no breakdown by age,Total,Percentage of population,Not Applicable,Not Applicable,Not Applicable,Not Applicable,Ratio,Two,World Development Indicators (WDI),Annual,Units,Normal value,Public,,,,,,,,,,,,,,,,,,,,,,,,,,,,,,,,,5.8,,,,,3.3,,2.9,2.2,2.2,2.4,2.7,2.0,1.8,2.2,3.2,6.4,9.0,10.3,9.5,9.2,8.0,6.9,5.1,4.8,5.1,3.6,3.6,3.2,,
datastructure,WB.DATA360:DS_DATA360(1.3),I,A,VEN,WB_WDI_SI_POV_UMIC,_T,_T,_T,PT_POP,_Z,_Z,_Z,_Z,RATIO,2,WB_WDI,P1Y,0,A,PU,Annual,"Venezuela, RB",Poverty headcount ratio at $6.85 a day (2017 PPP) (% of population),Total,All age ranges or no breakdown by age,Total,Percentage of population,Not Applicable,Not Applicable,Not Applicable,Not Applicable,Ratio,Two,World Development Indicators (WDI),Annual,Units,Normal value,Public,,,,,,,,,,,,,,,,,,,42.3,,,,,,45.3,,36.8,,,39.1,,,55.8,,,52.6,58.1,,55.3,64.7,70.8,65.7,55.7,43.3,,,,,,,,,,,,,,,,,,,
datastructure,WB.DATA360:DS_DATA360(1.3),I,A,MEX,WB_WDI_SI_POV_UMIC,_T,_T,_T,PT_POP,_Z,_Z,_Z,_Z,RATIO,2,WB_WDI,P1Y,0,A,PU,Annual,Mexico,Poverty headcount ratio at $6.85 a day (2017 PPP) (% of population),Total,All age ranges or no breakdown by age,Total,Percentage of population,Not Applicable,Not Applicable,Not Applicable,Not Applicable,Ratio,Two,World Development Indicators (WDI),Annual,Units,Normal value,Public,,,,,,,,,,,,,,,,,,,,,,59.0,,,,,60.2,,,54.5,,53.3,,65.6,,62.2,,55.1,,52.9,,50.4,48.4,45.9,,46.0,,46.3,,44.1,,46.6,,37.8,,35.3,,36.5,,27.4,,21.4,
datastructure,WB.DATA360:DS_DATA360(1.3),I,A,HTI,WB_WDI_SI_POV_UMIC,_T,_T,_T,PT_POP,_Z,_Z,_Z,_Z,RATIO,2,WB_WDI,P1Y,0,A,PU,Annual,Haiti,Poverty headcount ratio at $6.85 a day (2017 PPP) (% of population),Total,All age ranges or no breakdown by age,Total,Percentage of population,Not Applicable,Not Applicable,Not Applicable,Not Applicable,Ratio,Two,World Development Indicators (WDI),Annual,Units,Normal value,Public,,,,,,,,,,,,,,,,,,,,,,,,,,,,,,,,,,,,,,,93.6,,,,,,,,,,,88.2,,,,,,,,,,,,,
datastructure,WB.DATA360:DS_DATA360(1.3),I,A,TLS,WB_WDI_SI_POV_UMIC,_T,_T,_T,PT_POP,_Z,_Z,_Z,_Z,RATIO,2,WB_WDI,P1Y,0,A,PU,Annual,Timor-Leste,Poverty headcount ratio at $6.85 a day (2017 PPP) (% of population),Total,All age ranges or no breakdown by age,Total,Percentage of population,Not Applicable,Not Applicable,Not Applicable,Not Applicable,Ratio,Two,World Development Indicators (WDI),Annual,Units,Normal value,Public,,,,,,,,,,,,,,,,,,,,,,,,,,,,,,,,,,,,,,,95.1,,,,,,98.5,,,,,,,96.0,,,,,,,,,,,
datastructure,WB.DATA360:DS_DATA360(1.3),I,A,TUV,WB_WDI_SI_POV_UMIC,_T,_T,_T,PT_POP,_Z,_Z,_Z,_Z,RATIO,2,WB_WDI,P1Y,0,A,PU,Annual,Tuvalu,Poverty headcount ratio at $6.85 a day (2017 PPP) (% of population),Total,All age ranges or no breakdown by age,Total,Percentage of population,Not Applicable,Not Applicable,Not Applicable,Not Applicable,Ratio,Two,World Development Indicators (WDI),Annual,Units,Normal value,Public,,,,,,,,,,,,,,,,,,,,,,,,,,,,,,,,,,,,,,,,,,,,,,,,60.6,,,,,,,,,,,,,,,
datastructure,WB.DATA360:DS_DATA360(1.3),I,A,NOR,WB_WDI_SI_POV_UMIC,_T,_T,_T,PT_POP,_Z,_Z,_Z,_Z,RATIO,2,WB_WDI,P1Y,0,A,PU,Annual,Norway,Poverty headcount ratio at $6.85 a day (2017 PPP) (% of population),Total,All age ranges or no breakdown by age,Total,Percentage of population,Not Applicable,Not Applicable,Not Applicable,Not Applicable,Ratio,Two,World Development Indicators (WDI),Annual,Units,Normal value,Public,,,,,,,,,,,,,,,,,1.3,,,,,,,0.5,,,,,0.7,,,,0.8,,,,,0.6,,,0.4,0.6,0.5,0.7,0.5,0.5,0.3,0.4,0.3,0.4,0.4,0.4,0.4,0.7,0.6,0.5,0.5,0.5,0.4,0.7,0.4,,
datastructure,WB.DATA360:DS_DATA360(1.3),I,A,ESP,WB_WDI_SI_POV_UMIC,_T,_T,_T,PT_POP,_Z,_Z,_Z,_Z,RATIO,2,WB_WDI,P1Y,0,A,PU,Annual,Spain,Poverty headcount ratio at $6.85 a day (2017 PPP) (% of population),Total,All age ranges or no breakdown by age,Total,Percentage of population,Not Applicable,Not Applicable,Not Applicable,Not Applicable,Ratio,Two,World Development Indicators (WDI),Annual,Units,Normal value,Public,,,,,,,,,,,,,,,,,,9.1,,,,,9.3,,,,,3.6,,,5.0,5.2,5.4,6.5,5.1,3.4,2.8,2.8,,,2.4,2.7,2.8,3.1,1.9,2.1,2.7,3.1,3.4,3.7,4.2,4.3,3.8,4.0,2.9,3.2,2.9,3.4,2.2,2.4,2.3,,
datastructure,WB.DATA360:DS_DATA360(1.3),I,A,GRD,WB_WDI_SI_POV_UMIC,_T,_T,_T,PT_POP,_Z,_Z,_Z,_Z,RATIO,2,WB_WDI,P1Y,0,A,PU,Annual,Grenada,Poverty headcount ratio at $6.85 a day (2017 PPP) (% of population),Total,All age ranges or no breakdown by age,Total,Percentage of population,Not Applicable,Not Applicable,Not Applicable,Not Applicable,Ratio,Two,World Development Indicators (WDI),Annual,Units,Normal value,Public,,,,,,,,,,,,,,,,,,,,,,,,,,,,,,,,,,,,,,,,,,,,,,,,,,,,,,,,19.6,,,,,,,
datastructure,WB.DATA360:DS_DATA360(1.3),I,A,SYC,WB_WDI_SI_POV_UMIC,_T,_T,_T,PT_POP,_Z,_Z,_Z,_Z,RATIO,2,WB_WDI,P1Y,0,A,PU,Annual,Seychelles,Poverty headcount ratio at $6.85 a day (2017 PPP) (% of population),Total,All age ranges or no breakdown by age,Total,Percentage of population,Not Applicable,Not Applicable,Not Applicable,Not Applicable,Ratio,Two,World Development Indicators (WDI),Annual,Units,Normal value,Public,,,,,,,,,,,,,,,,,,,,,,,,,,,,,,,,,,,,,17.7,,,,,,,22.8,,,,,,,12.0,,,,,8.4,,,,,,,
datastructure,WB.DATA360:DS_DATA360(1.3),I,A,DOM,WB_WDI_SI_POV_UMIC,_T,_T,_T,PT_POP,_Z,_Z,_Z,_Z,RATIO,2,WB_WDI,P1Y,0,A,PU,Annual,Dominican Republic,Poverty headcount ratio at $6.85 a day (2017 PPP) (% of population),Total,All age ranges or no breakdown by age,Total,Percentage of population,Not Applicable,Not Applicable,Not Applicable,Not Applicable,Ratio,Two,World Development Indicators (WDI),Annual,Units,Normal value,Public,,,,,,,,,,,,,,,,,,,,,,,,36.3,,,64.0,,,51.0,,,,40.9,38.3,,,39.8,39.2,39.0,47.8,55.6,46.6,43.5,43.0,44.2,41.5,42.0,40.2,39.6,39.3,33.5,29.4,27.4,23.8,20.9,18.8,21.7,21.8,20.2,16.9,14.0,
datastructure,WB.DATA360:DS_DATA360(1.3),I,A,PRY,WB_WDI_SI_POV_UMIC,_T,_T,_T,PT_POP,_Z,_Z,_Z,_Z,RATIO,2,WB_WDI,P1Y,0,A,PU,Annual,Paraguay,Poverty headcount ratio at $6.85 a day (2017 PPP) (% of population),Total,All age ranges or no breakdown by age,Total,Percentage of population,Not Applicable,Not Applicable,Not Applicable,Not Applicable,Ratio,Two,World Development Indicators (WDI),Annual,Units,Normal value,Public,,,,,,,,,,,,,,,,,,,,,,,,,,,,28.8,,,,,49.3,,43.0,,46.9,,45.3,57.5,51.4,50.3,46.5,50.4,47.0,43.9,42.1,39.8,38.0,33.3,28.8,28.3,27.5,29.7,26.9,25.3,25.0,27.9,27.0,25.8,22.8,20.5,
datastructure,WB.DATA360:DS_DATA360(1.3),I,A,COM,WB_WDI_SI_POV_UMIC,_T,_T,_T,PT_POP,_Z,_Z,_Z,_Z,RATIO,2,WB_WDI,P1Y,0,A,PU,Annual,Comoros,Poverty headcount ratio at $6.85 a day (2017 PPP) (% of population),Total,All age ranges or no breakdown by age,Total,Percentage of population,Not Applicable,Not Applicable,Not Applicable,Not Applicable,Ratio,Two,World Development Indicators (WDI),Annual,Units,Normal value,Public,,,,,,,,,,,,,,,,,,,,,,,,,,,,,,,,,,,,,,,,,,73.3,,,,,,,,,,76.7,,,,,,73.1,,,,68.2,
datastructure,WB.DATA360:DS_DATA360(1.3),I,A,CYP,WB_WDI_SI_POV_UMIC,_T,_T,_T,PT_POP,_Z,_Z,_Z,_Z,RATIO,2,WB_WDI,P1Y,0,A,PU,Annual,Cyprus,Poverty headcount ratio at $6.85 a day (2017 PPP) (% of population),Total,All age ranges or no breakdown by age,Total,Percentage of population,Not Applicable,Not Applicable,Not Applicable,Not Applicable,Ratio,Two,World Development Indicators (WDI),Annual,Units,Normal value,Public,,,,,,,,,,,,,,,,,,,,,,,,,,,,,,,,,,,,,,,,,,0.3,0.1,0.0,0.1,0.0,0.2,0.2,0.3,0.1,0.3,0.4,0.2,0.1,0.2,0.3,0.5,0.2,0.1,0.0,0.1,,
datastructure,WB.DATA360:DS_DATA360(1.3),I,A,NPL,WB_WDI_SI_POV_UMIC,_T,_T,_T,PT_POP,_Z,_Z,_Z,_Z,RATIO,2,WB_WDI,P1Y,0,A,PU,Annual,Nepal,Poverty headcount ratio at $6.85 a day (2017 PPP) (% of population),Total,All age ranges or no breakdown by age,Total,Percentage of population,Not Applicable,Not Applicable,Not Applicable,Not Applicable,Ratio,Two,World Development Indicators (WDI),Annual,Units,Normal value,Public,,,,,,,,,,,,,,,,,,,,,,99.0,,,,,,,,,,,97.2,,,,,,,,91.7,,,,,,,84.6,,,,,,,,,,,,52.7,,,
datastructure,WB.DATA360:DS_DATA360(1.3),I,A,THA,WB_WDI_SI_POV_UMIC,_T,_T,_T,PT_POP,_Z,_Z,_Z,_Z,RATIO,2,WB_WDI,P1Y,0,A,PU,Annual,Thailand,Poverty headcount ratio at $6.85 a day (2017 PPP) (% of population),Total,All age ranges or no breakdown by age,Total,Percentage of population,Not Applicable,Not Applicable,Not Applicable,Not Applicable,Ratio,Two,World Development Indicators (WDI),Annual,Units,Normal value,Public,,,,,,,,,,,,,,,,,,,78.5,,,,,,,77.9,,74.0,,68.0,,62.5,,58.6,,56.3,60.6,61.2,,53.3,,46.7,,39.5,37.4,35.2,32.2,30.0,25.5,24.9,21.8,20.9,16.9,17.9,17.2,17.8,15.2,15.1,14.1,9.9,9.9,11.7,
datastructure,WB.DATA360:DS_DATA360(1.3),I,A,TGO,WB_WDI_SI_POV_UMIC,_T,_T,_T,PT_POP,_Z,_Z,_Z,_Z,RATIO,2,WB_WDI,P1Y,0,A,PU,Annual,Togo,Poverty headcount ratio at $6.85 a day (2017 PPP) (% of population),Total,All age ranges or no breakdown by age,Total,Percentage of population,Not Applicable,Not Applicable,Not Applicable,Not Applicable,Ratio,Two,World Development Indicators (WDI),Annual,Units,Normal value,Public,,,,,,,,,,,,,,,,,,,,,,,,,,,,,,,,,,,,,,,,,,,,94.8,,,,,93.6,,,,94.3,,,84.1,,,87.0,,,,
datastructure,WB.DATA360:DS_DATA360(1.3),I,A,TTO,WB_WDI_SI_POV_UMIC,_T,_T,_T,PT_POP,_Z,_Z,_Z,_Z,RATIO,2,WB_WDI,P1Y,0,A,PU,Annual,Trinidad and Tobago,Poverty headcount ratio at $6.85 a day (2017 PPP) (% of population),Total,All age ranges or no breakdown by age,Total,Percentage of population,Not Applicable,Not Applicable,Not Applicable,Not Applicable,Ratio,Two,World Development Indicators (WDI),Annual,Units,Normal value,Public,,,,,,,,,,,,,,,,,,,,,,,,,,20.5,,,,30.5,,,,,,,,,,,,,,,,,,,,,,,,,,,,,,,,,
datastructure,WB.DATA360:DS_DATA360(1.3),I,A,MUS,WB_WDI_SI_POV_UMIC,_T,_T,_T,PT_POP,_Z,_Z,_Z,_Z,RATIO,2,WB_WDI,P1Y,0,A,PU,Annual,Mauritius,Poverty headcount ratio at $6.85 a day (2017 PPP) (% of population),Total,All age ranges or no breakdown by age,Total,Percentage of population,Not Applicable,Not Applicable,Not Applicable,Not Applicable,Ratio,Two,World Development Indicators (WDI),Annual,Units,Normal value,Public,,,,,,,,,,,,,,,,,,,,,,,,,,,,,,,,,,,,,,,,,,,,30.8,,,,,,26.2,,,,,19.1,,,,,,,,
datastructure,WB.DATA360:DS_DATA360(1.3),I,A,CHN,WB_WDI_SI_POV_UMIC,_T,_T,_T,PT_POP,_Z,_Z,_Z,_Z,RATIO,2,WB_WDI,P1Y,0,A,PU,Annual,China,Poverty headcount ratio at $6.85 a day (2017 PPP) (% of population),Total,All age ranges or no breakdown by age,Total,Percentage of population,Not Applicable,Not Applicable,Not Applicable,Not Applicable,Ratio,Two,World Development Indicators (WDI),Annual,Units,Normal value,Public,,,,,,,,,,,,,,,,,,,100.0,,,100.0,,,99.8,,,99.3,,,98.6,,,96.5,,,94.5,,,89.2,,,81.6,,,72.8,,66.1,62.1,57.4,51.0,46.1,41.7,38.0,35.6,31.6,28.3,29.0,20.6,21.3,,,
datastructure,WB.DATA360:DS_DATA360(1.3),I,A,SLE,WB_WDI_SI_POV_UMIC,_T,_T,_T,PT_POP,_Z,_Z,_Z,_Z,RATIO,2,WB_WDI,P1Y,0,A,PU,Annual,Sierra Leone,Poverty headcount ratio at $6.85 a day (2017 PPP) (% of population),Total,All age ranges or no breakdown by age,Total,Percentage of population,Not Applicable,Not Applicable,Not Applicable,Not Applicable,Ratio,Two,World Development Indicators (WDI),Annual,Units,Normal value,Public,,,,,,,,,,,,,,,,,,,,,,,,,,,,,,,,,,,,,,,,,95.7,,,,,,,,94.3,,,,,,,91.5,,,,,,,
datastructure,WB.DATA360:DS_DATA360(1.3),I,A,UZB,WB_WDI_SI_POV_UMIC,_T,_T,_T,PT_POP,_Z,_Z,_Z,_Z,RATIO,2,WB_WDI,P1Y,0,A,PU,Annual,Uzbekistan,Poverty headcount ratio at $6.85 a day (2017 PPP) (% of population),Total,All age ranges or no breakdown by age,Total,Percentage of population,Not Applicable,Not Applicable,Not Applicable,Not Applicable,Ratio,Two,World Development Indicators (WDI),Annual,Units,Normal value,Public,,,,,,,,,,,,,,,,,,,,,,,,,,,,,,,,,,,,97.6,,99.6,,99.6,99.7,,,,,,,,,,,,,,,,,,38.1,32.4,24.6,20.7,12.4
datastructure,WB.DATA360:DS_DATA360(1.3),I,A,BDI,WB_WDI_SI_POV_UMIC,_T,_T,_T,PT_POP,_Z,_Z,_Z,_Z,RATIO,2,WB_WDI,P1Y,0,A,PU,Annual,Burundi,Poverty headcount ratio at $6.85 a day (2017 PPP) (% of population),Total,All age ranges or no breakdown by age,Total,Percentage of population,Not Applicable,Not Applicable,Not Applicable,Not Applicable,Ratio,Two,World Development Indicators (WDI),Annual,Units,Normal value,Public,,,,,,,,,,,,,,,,,,,,,,,,,,,,,,99.1,,,,,,98.1,,,,,,,,98.5,,,,,,,97.1,,,,,,,97.4,,,,,
datastructure,WB.DATA360:DS_DATA360(1.3),I,A,MNG,WB_WDI_SI_POV_UMIC,_T,_T,_T,PT_POP,_Z,_Z,_Z,_Z,RATIO,2,WB_WDI,P1Y,0,A,PU,Annual,Mongolia,Poverty headcount ratio at $6.85 a day (2017 PPP) (% of population),Total,All age ranges or no breakdown by age,Total,Percentage of population,Not Applicable,Not Applicable,Not Applicable,Not Applicable,Ratio,Two,World Development Indicators (WDI),Annual,Units,Normal value,Public,,,,,,,,,,,,,,,,,,,,,,,,,,,,,,,,,81.1,,,94.8,,,,78.4,,,,,53.2,,,51.6,46.6,36.7,,30.6,,44.8,,41.2,,,,24.4,,,
datastructure,WB.DATA360:DS_DATA360(1.3),I,A,MYS,WB_WDI_SI_POV_UMIC,_T,_T,_T,PT_POP,_Z,_Z,_Z,_Z,RATIO,2,WB_WDI,P1Y,0,A,PU,Annual,Malaysia,Poverty headcount ratio at $6.85 a day (2017 PPP) (% of population),Total,All age ranges or no breakdown by age,Total,Percentage of population,Not Applicable,Not Applicable,Not Applicable,Not Applicable,Ratio,Two,World Development Indicators (WDI),Annual,Units,Normal value,Public,,,,,,,,,,,,,,,,,,,,,,42.2,,,42.9,,42.9,,,39.7,,,38.6,,29.9,,,,,,30.4,,,24.7,,24.2,,,14.7,,7.7,,5.7,,,4.2,,,2.9,,,,
datastructure,WB.DATA360:DS_DATA360(1.3),I,A,NAM,WB_WDI_SI_POV_UMIC,_T,_T,_T,PT_POP,_Z,_Z,_Z,_Z,RATIO,2,WB_WDI,P1Y,0,A,PU,Annual,Namibia,Poverty headcount ratio at $6.85 a day (2017 PPP) (% of population),Total,All age ranges or no breakdown by age,Total,Percentage of population,Not Applicable,Not Applicable,Not Applicable,Not Applicable,Ratio,Two,World Development Indicators (WDI),Annual,Units,Normal value,Public,,,,,,,,,,,,,,,,,,,,,,,,,,,,,,,82.2,,,,,,,,,,80.4,,,,,,76.3,,,,,,61.1,,,,,,,,,,
datastructure,WB.DATA360:DS_DATA360(1.3),I,A,SVK,WB_WDI_SI_POV_UMIC,_T,_T,_T,PT_POP,_Z,_Z,_Z,_Z,RATIO,2,WB_WDI,P1Y,0,A,PU,Annual,Slovak Republic,Poverty headcount ratio at $6.85 a day (2017 PPP) (% of population),Total,All age ranges or no breakdown by age,Total,Percentage of population,Not Applicable,Not Applicable,Not Applicable,Not Applicable,Ratio,Two,World Development Indicators (WDI),Annual,Units,Normal value,Public,,,,,,,,,,,,,,,,,,,,,,,,,,,,,,3.3,,,,9.4,,,,,,,,10.2,6.4,4.2,3.8,4.6,4.6,4.6,3.5,5.0,5.0,5.2,5.0,4.8,3.0,3.8,2.5,2.3,2.8,6.6,4.1,,
datastructure,WB.DATA360:DS_DATA360(1.3),I,A,IRN,WB_WDI_SI_POV_UMIC,_T,_T,_T,PT_POP,_Z,_Z,_Z,_Z,RATIO,2,WB_WDI,P1Y,0,A,PU,Annual,"Iran, Islamic Rep.",Poverty headcount ratio at $6.85 a day (2017 PPP) (% of population),Total,All age ranges or no breakdown by age,Total,Percentage of population,Not Applicable,Not Applicable,Not Applicable,Not Applicable,Ratio,Two,World Development Indicators (WDI),Annual,Units,Normal value,Public,,,,,,,,,,,,,,,,,,,,,,,,67.1,,,,70.5,,,,63.7,,,,60.1,,,,,,,37.7,38.2,,,36.9,,38.3,37.2,39.8,42.1,41.5,41.7,38.6,42.1,47.4,48.4,42.8,39.0,36.0,,
datastructure,WB.DATA360:DS_DATA360(1.3),I,A,MMR,WB_WDI_SI_POV_UMIC,_T,_T,_T,PT_POP,_Z,_Z,_Z,_Z,RATIO,2,WB_WDI,P1Y,0,A,PU,Annual,Myanmar,Poverty headcount ratio at $6.85 a day (2017 PPP) (% of population),Total,All age ranges or no breakdown by age,Total,Percentage of population,Not Applicable,Not Applicable,Not Applicable,Not Applicable,Ratio,Two,World Development Indicators (WDI),Annual,Units,Normal value,Public,,,,,,,,,,,,,,,,,,,,,,,,,,,,,,,,,,,,,,,,,,,,,,,,,,,,,82.5,,79.8,,,,,,,,
datastructure,WB.DATA360:DS_DATA360(1.3),I,A,CHE,WB_WDI_SI_POV_UMIC,_T,_T,_T,PT_POP,_Z,_Z,_Z,_Z,RATIO,2,WB_WDI,P1Y,0,A,PU,Annual,Switzerland,Poverty headcount ratio at $6.85 a day (2017 PPP) (% of population),Total,All age ranges or no breakdown by age,Total,Percentage of population,Not Applicable,Not Applicable,Not Applicable,Not Applicable,Ratio,Two,World Development Indicators (WDI),Annual,Units,Normal value,Public,,,,,,,,,,,,,,,,,,,,0.9,,,,,,,,,,1.3,,,,,,,,0.4,,0.2,,0.6,,0.5,0.5,0.5,0.3,0.5,0.1,0.0,0.1,0.1,0.1,0.2,0.1,0.2,0.2,0.1,0.2,0.3,,,
datastructure,WB.DATA360:DS_DATA360(1.3),I,A,MHL,WB_WDI_SI_POV_UMIC,_T,_T,_T,PT_POP,_Z,_Z,_Z,_Z,RATIO,2,WB_WDI,P1Y,0,A,PU,Annual,Marshall Islands,Poverty headcount ratio at $6.85 a day (2017 PPP) (% of population),Total,All age ranges or no breakdown by age,Total,Percentage of population,Not Applicable,Not Applicable,Not Applicable,Not Applicable,Ratio,Two,World Development Indicators (WDI),Annual,Units,Normal value,Public,,,,,,,,,,,,,,,,,,,,,,,,,,,,,,,,,,,,,,,,,,,,,,,,,,,,,,,,,36.5,,,,,,
datastructure,WB.DATA360:DS_DATA360(1.3),I,A,BIH,WB_WDI_SI_POV_UMIC,_T,_T,_T,PT_POP,_Z,_Z,_Z,_Z,RATIO,2,WB_WDI,P1Y,0,A,PU,Annual,Bosnia and Herzegovina,Poverty headcount ratio at $6.85 a day (2017 PPP) (% of population),Total,All age ranges or no breakdown by age,Total,Percentage of population,Not Applicable,Not Applicable,Not Applicable,Not Applicable,Ratio,Two,World Development Indicators (WDI),Annual,Units,Normal value,Public,,,,,,,,,,,,,,,,,,,,,,,,,,,,,,,,,,,,,,,20.2,,,9.7,,,16.0,,,,16.0,,,,17.3,,,,,,11.7,,,,
datastructure,WB.DATA360:DS_DATA360(1.3),I,A,HRV,WB_WDI_SI_POV_UMIC,_T,_T,_T,PT_POP,_Z,_Z,_Z,_Z,RATIO,2,WB_WDI,P1Y,0,A,PU,Annual,Croatia,Poverty headcount ratio at $6.85 a day (2017 PPP) (% of population),Total,All age ranges or no breakdown by age,Total,Percentage of population,Not Applicable,Not Applicable,Not Applicable,Not Applicable,Ratio,Two,World Development Indicators (WDI),Annual,Units,Normal value,Public,,,,,,,,,,,,,,,,,,,,,,,,,,0.5,,,,,,,,,,0.4,4.3,3.9,5.6,,,0.6,,,,0.9,6.3,7.9,8.8,10.3,9.4,7.9,7.5,6.0,5.6,3.5,3.1,2.7,2.0,2.4,2.0,,
datastructure,WB.DATA360:DS_DATA360(1.3),I,A,WLD,WB_WDI_SI_POV_UMIC,_T,_T,_T,PT_POP,_Z,_Z,_Z,_Z,RATIO,2,WB_WDI,P1Y,0,A,PU,Annual,World,Poverty headcount ratio at $6.85 a day (2017 PPP) (% of population),Total,All age ranges or no breakdown by age,Total,Percentage of population,Not Applicable,Not Applicable,Not Applicable,Not Applicable,Ratio,Two,World Development Indicators (WDI),Annual,Units,Normal value,Public,,,,,,,,,,,,,,,,,,,69.5,69.7,70.0,70.1,70.1,69.7,70.0,70.1,70.1,70.4,70.7,71.2,71.7,71.8,71.2,71.3,70.9,70.8,71.3,70.6,70.0,69.3,68.7,67.4,66.2,65.0,63.6,62.5,61.7,60.2,58.8,57.5,55.8,54.7,53.5,52.4,51.5,50.4,,50.4,48.7,48.3,47.0,46.1,
datastructure,WB.DATA360:DS_DATA360(1.3),I,A,ITA,WB_WDI_SI_POV_UMIC,_T,_T,_T,PT_POP,_Z,_Z,_Z,_Z,RATIO,2,WB_WDI,P1Y,0,A,PU,Annual,Italy,Poverty headcount ratio at $6.85 a day (2017 PPP) (% of population),Total,All age ranges or no breakdown by age,Total,Percentage of population,Not Applicable,Not Applicable,Not Applicable,Not Applicable,Ratio,Two,World Development Indicators (WDI),Annual,Units,Normal value,Public,,,,,,,,,,,,,,,4.9,4.3,4.2,2.8,2.2,1.5,2.0,2.2,,2.7,3.2,,0.7,,1.8,,4.5,,4.2,,,4.3,,3.6,,3.1,2.3,1.8,2.1,1.8,1.9,1.9,2.2,2.9,2.8,3.2,3.4,3.3,4.0,3.5,3.5,3.3,2.9,2.4,1.7,1.6,1.9,,
datastructure,WB.DATA360:DS_DATA360(1.3),I,A,MLT,WB_WDI_SI_POV_UMIC,_T,_T,_T,PT_POP,_Z,_Z,_Z,_Z,RATIO,2,WB_WDI,P1Y,0,A,PU,Annual,Malta,Poverty headcount ratio at $6.85 a day (2017 PPP) (% of population),Total,All age ranges or no breakdown by age,Total,Percentage of population,Not Applicable,Not Applicable,Not Applicable,Not Applicable,Ratio,Two,World Development Indicators (WDI),Annual,Units,Normal value,Public,,,,,,,,,,,,,,,,,,,,,,,,,,,,,,,,,,,,,,,,,,,,1.0,1.4,0.7,1.1,0.6,0.7,0.5,0.3,0.2,0.4,0.3,0.4,0.4,0.7,1.0,0.5,0.7,1.1,,
datastructure,WB.DATA360:DS_DATA360(1.3),I,A,MLI,WB_WDI_SI_POV_UMIC,_T,_T,_T,PT_POP,_Z,_Z,_Z,_Z,RATIO,2,WB_WDI,P1Y,0,A,PU,Annual,Mali,Poverty headcount ratio at $6.85 a day (2017 PPP) (% of population),Total,All age ranges or no breakdown by age,Total,Percentage of population,Not Applicable,Not Applicable,Not Applicable,Not Applicable,Ratio,Two,World Development Indicators (WDI),Annual,Units,Normal value,Public,,,,,,,,,,,,,,,,,,,,,,,,,,,,,,,,98.5,,,,,,,96.5,,,,,95.3,,,97.1,,,,,,,,,84.5,,,88.6,,,,
datastructure,WB.DATA360:DS_DATA360(1.3),I,A,BLZ,WB_WDI_SI_POV_UMIC,_T,_T,_T,PT_POP,_Z,_Z,_Z,_Z,RATIO,2,WB_WDI,P1Y,0,A,PU,Annual,Belize,Poverty headcount ratio at $6.85 a day (2017 PPP) (% of population),Total,All age ranges or no breakdown by age,Total,Percentage of population,Not Applicable,Not Applicable,Not Applicable,Not Applicable,Ratio,Two,World Development Indicators (WDI),Annual,Units,Normal value,Public,,,,,,,,,,,,,,,,,,,,,,,,,,,,,,,61.5,65.2,48.0,70.5,70.0,68.6,66.7,,,,,,,,,,,,,,,,,,,19.7,,,,,,,
datastructure,WB.DATA360:DS_DATA360(1.3),I,A,USA,WB_WDI_SI_POV_UMIC,_T,_T,_T,PT_POP,_Z,_Z,_Z,_Z,RATIO,2,WB_WDI,P1Y,0,A,PU,Annual,United States,Poverty headcount ratio at $6.85 a day (2017 PPP) (% of population),Total,All age ranges or no breakdown by age,Total,Percentage of population,Not Applicable,Not Applicable,Not Applicable,Not Applicable,Ratio,Two,World Development Indicators (WDI),Annual,Units,Normal value,Public,5.2,4.9,4.2,4.6,3.7,3.2,2.8,3.3,3.0,2.8,2.7,2.7,2.7,2.4,2.4,2.5,1.8,1.7,1.8,2.2,2.4,2.1,2.0,2.1,1.8,1.6,1.6,1.6,1.7,2.0,1.9,1.9,1.8,1.6,1.8,1.8,1.6,1.7,1.9,1.9,2.1,2.1,2.0,2.0,2.0,2.1,1.9,2.2,2.3,2.2,2.1,2.3,2.3,2.1,2.2,2.0,1.8,1.4,1.1,2.2,2.1,1.8,
datastructure,WB.DATA360:DS_DATA360(1.3),I,A,VUT,WB_WDI_SI_POV_UMIC,_T,_T,_T,PT_POP,_Z,_Z,_Z,_Z,RATIO,2,WB_WDI,P1Y,0,A,PU,Annual,Vanuatu,Poverty headcount ratio at $6.85 a day (2017 PPP) (% of population),Total,All age ranges or no breakdown by age,Total,Percentage of population,Not Applicable,Not Applicable,Not Applicable,Not Applicable,Ratio,Two,World Development Indicators (WDI),Annual,Units,Normal value,Public,,,,,,,,,,,,,,,,,,,,,,,,,,,,,,,,,,,,,,,,,,,,,,,,82.0,,,,,,,,,81.3,,,,,,
